,country,year,visitor_count,country_code,total_pop,gdp_per_capita,comm_lang,distw_km
0,Australia,2000,510347.0,AUS,19153000.0,44313.318230000004,1,5893.497
1,Australia,2001,550681.0,AUS,19413000.0,44564.97656,1,5893.497
2,Australia,2002,538378.0,AUS,19651400.0,45786.642810000005,1,5893.497
3,Australia,2003,392891.0,AUS,19895400.0,46575.41533,1,5893.497
4,Australia,2004,561219.0,AUS,20127400.0,47880.61166,1,5893.497
5,Australia,2005,620196.0,AUS,20394800.0,48760.355169999995,1,5893.497
6,Australia,2006,691632.0,AUS,20697900.0,49408.05274,1,5893.497
7,Australia,2007,768490.0,AUS,20827600.0,50955.05595,1,5893.497
8,Australia,2008,833156.0,AUS,21249200.0,51770.90715,1,5893.497
9,Australia,2009,830299.0,AUS,21691700.0,51689.91356,1,5893.497
10,Australia,2010,880558.0,AUS,22031750.0,51936.88871,1,5893.497
11,Australia,2011,956039.0,AUS,22340024.0,52475.66325,1,5893.497
12,Australia,2012,1050373.0,AUS,22733465.0,53574.4588,1,5893.497
13,Australia,2013,1125179.0,AUS,23128129.0,54050.20929,1,5893.497
14,Australia,2014,1074878.0,AUS,23475686.0,54612.31183,1,5893.497
15,Australia,2015,1043568.0,AUS,23815995.0,55097.613970000006,1,5893.497
16,Australia,2016,1027314.0,AUS,24190907.0,55777.3462,1,5893.497
17,Australia,2017,1082001.0,AUS,24601860.0,55919.27804,1,5893.497
18,Australia,2018,1107215.0,AUS,24992369.0,56919.374279999996,1,5893.497
19,Bangladesh,2000,38646.0,BGD,131581243.0,509.29343470000003,0,2874.279
20,Bangladesh,2001,42415.0,BGD,134107160.0,525.0721106999999,0,2874.279
21,Bangladesh,2002,27551.0,BGD,136600667.0,535.2467234000001,0,2874.279
22,Bangladesh,2003,26379.0,BGD,139019001.0,550.8628057,0,2874.279
23,Bangladesh,2004,41544.0,BGD,141307489.0,570.3367360000001,0,2874.279
24,Bangladesh,2005,54353.0,BGD,143431101.0,598.6174259,0,2874.279
25,Bangladesh,2006,63765.0,BGD,145368004.0,630.0483969,0,2874.279
26,Bangladesh,2007,77050.0,BGD,147139191.0,666.4014472,0,2874.279
27,Bangladesh,2008,95818.0,BGD,148805814.0,698.564892,0,2874.279
28,Bangladesh,2009,86637.0,BGD,150454708.0,725.76626,0,2874.279
29,Bangladesh,2010,92312.0,BGD,152149102.0,757.6717572000001,0,2874.279
30,Bangladesh,2011,95531.0,BGD,153911916.0,797.4116803999999,0,2874.279
31,Bangladesh,2012,110673.0,BGD,155727053.0,839.5136872000002,0,2874.279
32,Bangladesh,2013,119324.0,BGD,157571292.0,879.5820848,0,2874.279
33,Bangladesh,2014,124926.0,BGD,159405279.0,922.1609594,0,2874.279
34,Bangladesh,2015,122587.0,BGD,161200886.0,971.6419880000001,0,2874.279
35,Bangladesh,2016,123343.0,BGD,162951560.0,1029.578212,0,2874.279
36,Bangladesh,2017,120589.0,BGD,164669751.0,1093.049274,0,2874.279
37,Bangladesh,2018,126301.0,BGD,161356039.0,1203.216265,0,2874.279
38,Brunei Darussalam,2000,57913.0,BRN,333241.0,35923.40183,1,1264.269
39,Brunei Darussalam,2001,62264.0,BRN,340117.0,36162.97793,1,1264.269
40,Brunei Darussalam,2002,60047.0,BRN,346867.0,36832.26623,1,1264.269
41,Brunei Darussalam,2003,41152.0,BRN,353389.0,37202.357939999994,1,1264.269
42,Brunei Darussalam,2004,46087.0,BRN,359523.0,36752.04732,1,1264.269
43,Brunei Darussalam,2005,47859.0,BRN,365158.0,36325.12073,1,1264.269
44,Brunei Darussalam,2006,45331.0,BRN,370250.0,37401.05316,1,1264.269
45,Brunei Darussalam,2007,50247.0,BRN,374864.0,36997.80726,1,1264.269
46,Brunei Darussalam,2008,54285.0,BRN,379252.0,35860.38878,1,1264.269
47,Brunei Darussalam,2009,56531.0,BRN,383772.0,34812.71469,1,1264.269
48,Brunei Darussalam,2010,62157.0,BRN,388662.0,35268.10117,1,1264.269
49,Brunei Darussalam,2011,62243.0,BRN,394013.0,36092.09698,1,1264.269
50,Brunei Darussalam,2012,71755.0,BRN,399748.0,35899.03737,1,1264.269
51,Brunei Darussalam,2013,79866.0,BRN,405716.0,34618.972910000004,1,1264.269
52,Brunei Darussalam,2014,77656.0,BRN,411704.0,33313.832780000004,1,1264.269
53,Brunei Darussalam,2015,73594.0,BRN,417542.0,32661.85702,1,1264.269
54,Brunei Darussalam,2016,69891.0,BRN,423196.0,31430.96259,1,1264.269
55,Brunei Darussalam,2017,68419.0,BRN,428697.0,31439.92372,1,1264.269
56,Brunei Darussalam,2018,74960.0,BRN,428962.0,31436.948589999996,1,1264.269
57,Canada,2000,71393.0,CAN,30769700.0,43638.28315,1,14394.1
58,Canada,2001,69273.0,CAN,31081900.0,43964.95459,1,14394.1
59,Canada,2002,67943.0,CAN,31362000.0,44883.8284,1,14394.1
60,Canada,2003,51255.0,CAN,31676000.0,45239.811389999995,1,14394.1
61,Canada,2004,68876.0,CAN,31995000.0,46170.9202,1,14394.1
62,Canada,2005,76924.0,CAN,32312000.0,47181.56239,1,14394.1
63,Canada,2006,83404.0,CAN,32570505.0,48035.035789999994,1,14394.1
64,Canada,2007,86627.0,CAN,32887928.0,48552.69643,1,14394.1
65,Canada,2008,80044.0,CAN,33245773.0,48510.56777,1,14394.1
66,Canada,2009,70034.0,CAN,33628571.0,46543.7922,1,14394.1
67,Canada,2010,75142.0,CAN,34005274.0,47447.47602,1,14394.1
68,Canada,2011,82932.0,CAN,34342780.0,48456.96457,1,14394.1
69,Canada,2012,87795.0,CAN,34750545.0,48724.2458,1,14394.1
70,Canada,2013,92685.0,CAN,35152370.0,49359.42247,1,14394.1
71,Canada,2014,92827.0,CAN,35535348.0,50221.841980000005,1,14394.1
72,Canada,2015,96247.0,CAN,35832513.0,50303.83685,1,14394.1
73,Canada,2016,98474.0,CAN,36264604.0,50407.34133,1,14394.1
74,Canada,2017,105214.0,CAN,36708083.0,51315.88897,1,14394.1
75,Canada,2018,129512.0,CAN,37058856.0,51357.75398,1,14394.1
76,China,2000,434335.0,CHN,1262645000.0,1771.7415059999998,1,4097.429
77,China,2001,497398.0,CHN,1271850000.0,1905.61078,1,4097.429
78,China,2002,670093.0,CHN,1280400000.0,2065.718579,1,4097.429
79,China,2003,568483.0,CHN,1288400000.0,2258.912105,1,4097.429
80,China,2004,880240.0,CHN,1296075000.0,2472.5865559999997,1,4097.429
81,China,2005,857682.0,CHN,1303720000.0,2738.20546,1,4097.429
82,China,2006,1037201.0,CHN,1311020000.0,3069.304781,1,4097.429
83,China,2007,1113956.0,CHN,1317885000.0,3487.8457659999995,1,4097.429
84,China,2008,1078742.0,CHN,1324655000.0,3805.0259990000004,1,4097.429
85,China,2009,936747.0,CHN,1331260000.0,4142.038286,1,4097.429
86,China,2010,1171493.0,CHN,1337705000.0,4560.512586,1,4097.429
87,China,2011,1577522.0,CHN,1344130000.0,4971.544929,1,4097.429
88,China,2012,2034177.0,CHN,1350695000.0,5336.060143,1,4097.429
89,China,2013,2269870.0,CHN,1357380000.0,5721.693819,1,4097.429
90,China,2014,1722380.0,CHN,1364270000.0,6108.238775,1,4097.429
91,China,2015,2106164.0,CHN,1371220000.0,6496.624013000001,1,4097.429
92,China,2016,2863669.0,CHN,1378665000.0,6894.464522,1,4097.429
93,China,2017,3228134.0,CHN,1386395000.0,7329.089298999999,1,4097.429
94,China,2018,3416475.0,CHN,1392730000.0,7754.962119,1,4097.429
95,Denmark,2000,25243.0,DNK,5339616.0,55850.63643,0,10051.39
96,Denmark,2001,25431.0,DNK,5358783.0,56108.96272,0,10051.39
97,Denmark,2002,25705.0,DNK,5375931.0,56190.81452000001,0,10051.39
98,Denmark,2003,21176.0,DNK,5390574.0,56256.76761,0,10051.39
99,Denmark,2004,25745.0,DNK,5404523.0,57608.73489,0,10051.39
100,Denmark,2005,29158.0,DNK,5419432.0,58792.67137999999,0,10051.39
101,Denmark,2006,27045.0,DNK,5437272.0,60892.76661,0,10051.39
102,Denmark,2007,31406.0,DNK,5461438.0,61174.54515,0,10051.39
103,Denmark,2008,32316.0,DNK,5493621.0,60504.7753,0,10051.39
104,Denmark,2009,30571.0,DNK,5523095.0,57229.05164,0,10051.39
105,Denmark,2010,29635.0,DNK,5547683.0,58041.41122,0,10051.39
106,Denmark,2011,27201.0,DNK,5570572.0,58575.61892000001,0,10051.39
107,Denmark,2012,31479.0,DNK,5591572.0,58487.78637,0,10051.39
108,Denmark,2013,31920.0,DNK,5614932.0,58788.08179,0,10051.39
109,Denmark,2014,31892.0,DNK,5643475.0,59437.9339,0,10051.39
110,Denmark,2015,31389.0,DNK,5683483.0,60402.13322,0,10051.39
111,Denmark,2016,31246.0,DNK,5728010.0,61370.785710000004,0,10051.39
112,Denmark,2017,33986.0,DNK,5764980.0,62356.751710000004,0,10051.39
113,Denmark,2018,37417.0,DNK,5797446.0,62888.72719,0,10051.39
114,Egypt,2000,0.0,EGY,69905988.0,1950.5211649999999,1,8286.962
115,Egypt,2001,0.0,EGY,71226940.0,1982.0244300000002,1,8286.962
116,Egypt,2002,0.0,EGY,72590118.0,1991.288548,1,8286.962
117,Egypt,2003,0.0,EGY,73981942.0,2016.2209510000002,1,8286.962
118,Egypt,2004,0.0,EGY,75381899.0,2059.749606,1,8286.962
119,Egypt,2005,0.0,EGY,76778149.0,2112.723735,1,8286.962
120,Egypt,2006,0.0,EGY,78159048.0,2217.43332,1,8286.962
121,Egypt,2007,0.0,EGY,79537253.0,2333.454571,1,8286.962
122,Egypt,2008,0.0,EGY,80953881.0,2456.687446,1,8286.962
123,Egypt,2009,0.0,EGY,82465022.0,2524.381342,1,8286.962
124,Egypt,2010,0.0,EGY,84107606.0,2602.4795489999997,1,8286.962
125,Egypt,2011,0.0,EGY,85897561.0,2593.214102,1,8286.962
126,Egypt,2012,0.0,EGY,87813257.0,2593.112377,1,8286.962
127,Egypt,2013,0.0,EGY,89807433.0,2590.945457,1,8286.962
128,Egypt,2014,0.0,EGY,91812566.0,2608.2604420000002,1,8286.962
129,Egypt,2015,0.0,EGY,93778172.0,2665.234351,1,8286.962
130,Egypt,2016,0.0,EGY,95688681.0,2725.5558170000004,1,8286.962
131,Egypt,2017,4029.0,EGY,97553151.0,2785.247479,1,8286.962
132,Egypt,2018,4367.0,EGY,98423595.0,2907.3175850000002,1,8286.962
133,Finland,2000,18171.0,FIN,5176209.0,40450.37337,0,9304.872
134,Finland,2001,14123.0,FIN,5188008.0,41399.94358,0,9304.872
135,Finland,2002,11317.0,FIN,5200598.0,41993.68902,0,9304.872
136,Finland,2003,9543.0,FIN,5213014.0,42729.02447,0,9304.872
137,Finland,2004,12057.0,FIN,5228172.0,44277.8427,0,9304.872
138,Finland,2005,14467.0,FIN,5246096.0,45353.26,0,9304.872
139,Finland,2006,16303.0,FIN,5266268.0,47011.6576,0,9304.872
140,Finland,2007,14528.0,FIN,5288720.0,49239.193960000004,0,9304.872
141,Finland,2008,13380.0,FIN,5313399.0,49363.6972,0,9304.872
142,Finland,2009,16035.0,FIN,5338871.0,45065.753489999996,0,9304.872
143,Finland,2010,15611.0,FIN,5363352.0,46202.415160000004,0,9304.872
144,Finland,2011,23905.0,FIN,5388272.0,47171.02206,0,9304.872
145,Finland,2012,33333.0,FIN,5413971.0,46277.556280000004,0,9304.872
146,Finland,2013,29375.0,FIN,5438972.0,45715.64682,0,9304.872
147,Finland,2014,30707.0,FIN,5461512.0,45239.3688,0,9304.872
148,Finland,2015,27904.0,FIN,5479531.0,45316.354269999996,0,9304.872
149,Finland,2016,28642.0,FIN,5495303.0,46438.822739999996,0,9304.872
150,Finland,2017,31327.0,FIN,5508214.0,47558.88848,0,9304.872
151,Finland,2018,32580.0,FIN,5518050.0,48579.871289999995,0,9304.872
152,France,2000,74773.0,FRA,60912500.0,38460.6821,0,10734.97
153,France,2001,71456.0,FRA,61357430.0,38928.03031,0,10734.97
154,France,2002,72151.0,FRA,61805267.0,39078.1987,0,10734.97
155,France,2003,55760.0,FRA,62244886.0,39120.19614,0,10734.97
156,France,2004,77885.0,FRA,62704895.0,39915.26454,0,10734.97
157,France,2005,80924.0,FRA,63179351.0,40252.41822,0,10734.97
158,France,2006,90198.0,FRA,63621381.0,40922.083230000004,0,10734.97
159,France,2007,99269.0,FRA,64016227.0,41630.09374,0,10734.97
160,France,2008,111198.0,FRA,64374989.0,41478.937410000006,0,10734.97
161,France,2009,119728.0,FRA,64707044.0,40052.30512,0,10734.97
162,France,2010,130461.0,FRA,65027507.0,40638.334,0,10734.97
163,France,2011,140299.0,FRA,65342775.0,41329.03853,0,10734.97
164,France,2012,158923.0,FRA,65659789.0,41258.2873,0,10734.97
165,France,2013,160013.0,FRA,65998660.0,41283.0077,0,10734.97
166,France,2014,156882.0,FRA,66316092.0,41478.25197,0,10734.97
167,France,2015,157483.0,FRA,66593366.0,41765.24403,0,10734.97
168,France,2016,170913.0,FRA,66859768.0,42085.97405,0,10734.97
169,France,2017,175413.0,FRA,67105513.0,42838.06594,0,10734.97
170,France,2018,204766.0,FRA,66987244.0,43663.58492,0,10734.97
171,Germany,2000,169408.0,DEU,82211508.0,37998.425310000006,0,10180.76
172,Germany,2001,166981.0,DEU,82349925.0,38577.72563,0,10180.76
173,Germany,2002,157504.0,DEU,82488495.0,38512.92004,0,10180.76
174,Germany,2003,121368.0,DEU,82534176.0,38218.34965,0,10180.76
175,Germany,2004,142368.0,DEU,82516260.0,38673.88811,0,10180.76
176,Germany,2005,154779.0,DEU,82469422.0,38969.3217,0,10180.76
177,Germany,2006,161125.0,DEU,82376451.0,40456.85738,0,10180.76
178,Germany,2007,164900.0,DEU,82266372.0,41831.86709,0,10180.76
179,Germany,2008,175280.0,DEU,82110097.0,42365.0975,0,10180.76
180,Germany,2009,183681.0,DEU,81902307.0,40086.10476,0,10180.76
181,Germany,2010,209263.0,DEU,81776930.0,41785.55691,0,10180.76
182,Germany,2011,219952.0,DEU,80274983.0,44125.33141,0,10180.76
183,Germany,2012,252433.0,DEU,80425823.0,44259.25991,0,10180.76
184,Germany,2013,251560.0,DEU,80645605.0,44354.73689,0,10180.76
185,Germany,2014,263513.0,DEU,80982500.0,45132.27363,0,10180.76
186,Germany,2015,286732.0,DEU,81686611.0,45521.31928,0,10180.76
187,Germany,2016,328765.0,DEU,82348669.0,46167.830780000004,0,10180.76
188,Germany,2017,342386.0,DEU,82685827.0,46971.40763,0,10180.76
189,Germany,2018,356797.0,DEU,82927922.0,47501.81265,0,10180.76
190,Hong Kong SAR,2000,285975.0,HKG,6665000.0,23015.88824,1,2593.055
191,Hong Kong SAR,2001,276157.0,HKG,6714300.0,22975.03477,1,2593.055
192,Hong Kong SAR,2002,265965.0,HKG,6744100.0,23252.44675,1,2593.055
193,Hong Kong SAR,2003,226254.0,HKG,6730800.0,24010.46658,1,2593.055
194,Hong Kong SAR,2004,271686.0,HKG,6783500.0,25896.621059999998,1,2593.055
195,Hong Kong SAR,2005,313814.0,HKG,6813200.0,27688.698439999996,1,2593.055
196,Hong Kong SAR,2006,291474.0,HKG,6857100.0,29446.236889999996,1,2593.055
197,Hong Kong SAR,2007,302110.0,HKG,6916300.0,31081.548010000002,1,2593.055
198,Hong Kong SAR,2008,278115.0,HKG,6957800.0,31553.613230000003,1,2593.055
199,Hong Kong SAR,2009,294420.0,HKG,6972800.0,30711.484760000003,1,2593.055
200,Hong Kong SAR,2010,387579.0,HKG,7024200.0,32549.99823,1,2593.055
201,Hong Kong SAR,2011,464375.0,HKG,7071600.0,33888.49592,1,2593.055
202,Hong Kong SAR,2012,472167.0,HKG,7150100.0,34086.32123,1,2593.055
203,Hong Kong SAR,2013,539810.0,HKG,7178900.0,35002.51749,1,2593.055
204,Hong Kong SAR,2014,631029.0,HKG,7229500.0,35717.67916,1,2593.055
205,Hong Kong SAR,2015,609888.0,HKG,7291300.0,36260.595460000004,1,2593.055
206,Hong Kong SAR,2016,537970.0,HKG,7336600.0,36816.149860000005,1,2593.055
207,Hong Kong SAR,2017,465781.0,HKG,7391700.0,37927.13462,1,2593.055
208,Hong Kong SAR,2018,473113.0,HKG,7451000.0,38784.75557,1,2593.055
209,India,2000,346356.0,IND,1053050912.0,829.3590895,1,3742.252
210,India,2001,339813.0,IND,1071477855.0,854.4159873,1,3742.252
211,India,2002,375628.0,IND,1089807112.0,872.0008607000001,1,3742.252
212,India,2003,309439.0,IND,1108027848.0,925.0768814999999,1,3742.252
213,India,2004,471207.0,IND,1126135777.0,982.3167028999999,1,3742.252
214,India,2005,583401.0,IND,1144118674.0,1043.486764,1,3742.252
215,India,2006,658902.0,IND,1161977719.0,1110.2687369999999,1,3742.252
216,India,2007,748728.0,IND,1179681239.0,1177.386194,1,3742.252
217,India,2008,778303.0,IND,1197146906.0,1196.0209830000001,1,3742.252
218,India,2009,725624.0,IND,1214270132.0,1271.8588869999999,1,3742.252
219,India,2010,828994.0,IND,1230980691.0,1361.203571,1,3742.252
220,India,2011,868991.0,IND,1247236029.0,1413.8779949999998,1,3742.252
221,India,2012,894993.0,IND,1263065852.0,1472.3378599999999,1,3742.252
222,India,2013,933553.0,IND,1278562207.0,1547.378382,1,3742.252
223,India,2014,943636.0,IND,1293859294.0,1642.392584,1,3742.252
224,India,2015,1013986.0,IND,1309053980.0,1753.1341940000002,1,3742.252
225,India,2016,1097200.0,IND,1324171354.0,1874.707237,1,3742.252
226,India,2017,1272077.0,IND,1339180127.0,1986.56749,1,3742.252
227,India,2018,1442242.0,IND,1352617328.0,2104.163292,1,3742.252
228,Indonesia,2000,1313316.0,IDN,211540429.0,2143.38989,1,1012.916
229,Indonesia,2001,1364380.0,IDN,214506502.0,2190.76618,1,1012.916
230,Indonesia,2002,1392997.0,IDN,217508059.0,2257.746855,1,1012.916
231,Indonesia,2003,1341688.0,IDN,220545214.0,2333.097483,1,1012.916
232,Indonesia,2004,1765422.0,IDN,223614649.0,2416.836389,1,1012.916
233,Indonesia,2005,1813569.0,IDN,226712730.0,2519.5098420000004,1,1012.916
234,Indonesia,2006,1922217.0,IDN,229838202.0,2621.960398,1,1012.916
235,Indonesia,2007,1962055.0,IDN,232989141.0,2750.615143,1,1012.916
236,Indonesia,2008,1765429.0,IDN,236159276.0,2876.8850399999997,1,1012.916
237,Indonesia,2009,1745330.0,IDN,239340478.0,2970.0441309999997,1,1012.916
238,Indonesia,2010,2306243.0,IDN,242524123.0,3113.4806350000003,1,1012.916
239,Indonesia,2011,2592222.0,IDN,245707511.0,3262.7486129999998,1,1012.916
240,Indonesia,2012,2837537.0,IDN,248883232.0,3415.351267,1,1012.916
241,Indonesia,2013,3088859.0,IDN,252032263.0,3560.1065799999997,1,1012.916
242,Indonesia,2014,3025178.0,IDN,255131116.0,3692.942875,1,1012.916
243,Indonesia,2015,2731690.0,IDN,258162113.0,3827.5507789999997,1,1012.916
244,Indonesia,2016,2893646.0,IDN,261115456.0,3974.723704,1,1012.916
245,Indonesia,2017,2954400.0,IDN,263991379.0,4130.644233,1,1012.916
246,Indonesia,2018,3021429.0,IDN,267663435.0,4284.652535,1,1012.916
247,Iran,2000,6809.0,IRN,66131854.0,4781.850824,0,6562.233
248,Iran,2001,7551.0,IRN,67096414.0,4749.8063090000005,0,6562.233
249,Iran,2002,2529.0,IRN,67983330.0,5028.437362,0,6562.233
250,Iran,2003,3089.0,IRN,68812713.0,5401.750199,0,6562.233
251,Iran,2004,5363.0,IRN,69617100.0,5572.905717000001,0,6562.233
252,Iran,2005,6983.0,IRN,70421811.0,5684.957501,0,6562.233
253,Iran,2006,9350.0,IRN,71227880.0,5901.641789,0,6562.233
254,Iran,2007,14235.0,IRN,72031103.0,6311.7895,0,6562.233
255,Iran,2008,19083.0,IRN,72845542.0,6256.877968,0,6562.233
256,Iran,2009,23917.0,IRN,73687565.0,6247.69166,0,6562.233
257,Iran,2010,36932.0,IRN,74567511.0,6531.92743,0,6562.233
258,Iran,2011,32434.0,IRN,75491582.0,6622.672941,0,6562.233
259,Iran,2012,18553.0,IRN,76453574.0,6052.516833,0,6562.233
260,Iran,2013,10956.0,IRN,77435384.0,5964.179046,0,6562.233
261,Iran,2014,12370.0,IRN,78411092.0,6161.103523,0,6562.233
262,Iran,2015,12267.0,IRN,79360487.0,6007.004893,0,6562.233
263,Iran,2016,22641.0,IRN,80277428.0,6733.913473999999,0,6562.233
264,Iran,2017,24885.0,IRN,81162788.0,6910.569570000001,0,6562.233
265,Iran,2018,13937.0,IRN,81800269.0,,0,6562.233
266,Israel,2000,0.0,ISR,6289000.0,27636.34077,1,7963.227
267,Israel,2001,0.0,ISR,6439000.0,26999.365060000004,1,7963.227
268,Israel,2002,0.0,ISR,6570000.0,26503.84335,1,7963.227
269,Israel,2003,0.0,ISR,6689700.0,26229.39977,1,7963.227
270,Israel,2004,0.0,ISR,6809000.0,26947.4445,1,7963.227
271,Israel,2005,0.0,ISR,6930100.0,27570.94557,1,7963.227
272,Israel,2006,0.0,ISR,7053700.0,28499.325930000003,1,7963.227
273,Israel,2007,0.0,ISR,7180100.0,29614.07515,1,7963.227
274,Israel,2008,0.0,ISR,7308800.0,29962.005610000004,1,7963.227
275,Israel,2009,0.0,ISR,7485600.0,29658.52263,1,7963.227
276,Israel,2010,0.0,ISR,7623600.0,30658.92276,1,7963.227
277,Israel,2011,0.0,ISR,7765800.0,31592.83288,1,7963.227
278,Israel,2012,0.0,ISR,7910500.0,31671.268239999998,1,7963.227
279,Israel,2013,0.0,ISR,8059500.0,32374.117810000003,1,7963.227
280,Israel,2014,0.0,ISR,8215700.0,32996.52633,1,7963.227
281,Israel,2015,0.0,ISR,8380100.0,33179.72161,1,7963.227
282,Israel,2016,0.0,ISR,8546000.0,33839.608589999996,1,7963.227
283,Israel,2017,19691.0,ISR,8713300.0,34333.13234,1,7963.227
284,Israel,2018,22385.0,ISR,8883800.0,34788.65793,1,7963.227
285,Italy,2000,42230.0,ITA,56942108.0,36180.77833,0,10070.96
286,Italy,2001,35739.0,ITA,56974100.0,36801.29381,0,10070.96
287,Italy,2002,36737.0,ITA,57059007.0,36837.86399,0,10070.96
288,Italy,2003,20342.0,ITA,57313203.0,36729.97554,0,10070.96
289,Italy,2004,27664.0,ITA,57685327.0,37070.330519999996,0,10070.96
290,Italy,2005,30651.0,ITA,57969484.0,37238.93653,0,10070.96
291,Italy,2006,35657.0,ITA,58143979.0,37872.16836,0,10070.96
292,Italy,2007,38746.0,ITA,58438310.0,38236.79561,0,10070.96
293,Italy,2008,43035.0,ITA,58826731.0,37585.33735,0,10070.96
294,Italy,2009,46770.0,ITA,59095365.0,35363.400460000004,0,10070.96
295,Italy,2010,51086.0,ITA,59277417.0,35849.3732,0,10070.96
296,Italy,2011,53520.0,ITA,59379449.0,35994.13358,0,10070.96
297,Italy,2012,65557.0,ITA,59539717.0,34885.2969,0,10070.96
298,Italy,2013,66650.0,ITA,60233948.0,33887.29817,0,10070.96
299,Italy,2014,67052.0,ITA,60789140.0,33615.97178,0,10070.96
300,Italy,2015,69350.0,ITA,60730582.0,33959.29372,0,10070.96
301,Italy,2016,74629.0,ITA,60627498.0,34406.70368,0,10070.96
302,Italy,2017,80428.0,ITA,60536709.0,34999.90639,0,10070.96
303,Italy,2018,102005.0,ITA,60431283.0,35391.705480000004,0,10070.96
304,Japan,2000,929895.0,JPN,126843000.0,42169.73328,0,5167.93
305,Japan,2001,755763.0,JPN,127149000.0,42239.18493,0,5167.93
306,Japan,2002,723409.0,JPN,127445000.0,42190.80487,0,5167.93
307,Japan,2003,434049.0,JPN,127718000.0,42744.01128,0,5167.93
308,Japan,2004,598811.0,JPN,127761000.0,43671.67997,0,5167.93
309,Japan,2005,588452.0,JPN,127773000.0,44393.62638,0,5167.93
310,Japan,2006,594406.0,JPN,127854000.0,44995.49449,0,5167.93
311,Japan,2007,594514.0,JPN,128001000.0,45687.27381,0,5167.93
312,Japan,2008,571040.0,JPN,128063000.0,45165.787919999995,0,5167.93
313,Japan,2009,489987.0,JPN,128047000.0,42724.760369999996,0,5167.93
314,Japan,2010,528951.0,JPN,128070000.0,44507.67639,0,5167.93
315,Japan,2011,656417.0,JPN,127833000.0,44538.72619,0,5167.93
316,Japan,2012,757116.0,JPN,127629000.0,45276.874339999995,0,5167.93
317,Japan,2013,832845.0,JPN,127445000.0,46249.20959,0,5167.93
318,Japan,2014,824741.0,JPN,127276000.0,46484.155269999996,0,5167.93
319,Japan,2015,789179.0,JPN,127141000.0,47163.494210000004,0,5167.93
320,Japan,2016,783863.0,JPN,126994511.0,47660.893039999995,0,5167.93
321,Japan,2017,792873.0,JPN,126785797.0,48567.41706,0,5167.93
322,Japan,2018,829664.0,JPN,126529100.0,48919.56089,0,5167.93
323,Kuwait,2000,8221.0,KWT,2050741.0,35792.70979,1,6672.034
324,Kuwait,2001,8690.0,KWT,2109355.0,35051.802260000004,1,6672.034
325,Kuwait,2002,7113.0,KWT,2143833.0,35522.72737,1,6672.034
326,Kuwait,2003,3174.0,KWT,2169118.0,41189.46318,1,6672.034
327,Kuwait,2004,8161.0,KWT,2207939.0,44820.20002,1,6672.034
328,Kuwait,2005,4977.0,KWT,2276623.0,47847.82359,1,6672.034
329,Kuwait,2006,4635.0,KWT,2377258.0,49268.263119999996,1,6672.034
330,Kuwait,2007,5242.0,KWT,2503410.0,49588.76428,1,6672.034
331,Kuwait,2008,4838.0,KWT,2652340.0,47965.00883,1,6672.034
332,Kuwait,2009,5750.0,KWT,2818939.0,41936.81677,1,6672.034
333,Kuwait,2010,8368.0,KWT,2998083.0,38497.61696,1,6672.034
334,Kuwait,2011,8278.0,KWT,3191051.0,39652.171180000005,1,6672.034
335,Kuwait,2012,7621.0,KWT,3395556.0,39733.289189999996,1,6672.034
336,Kuwait,2013,10613.0,KWT,3598385.0,37924.47244,1,6672.034
337,Kuwait,2014,11036.0,KWT,3782450.0,36259.66868,1,6672.034
338,Kuwait,2015,10767.0,KWT,3935794.0,35053.59084,1,6672.034
339,Kuwait,2016,11123.0,KWT,4052584.0,35250.914580000004,1,6672.034
340,Kuwait,2017,9465.0,KWT,4136528.0,33545.61763,1,6672.034
341,Kuwait,2018,9794.0,KWT,4137309.0,33537.85153,1,6672.034
342,Malaysia,2000,564750.0,MYS,23185608.0,7009.655362,1,505.5376
343,Malaysia,2001,578719.0,MYS,23698907.0,6893.333247,1,505.5376
344,Malaysia,2002,548647.0,MYS,24198811.0,7114.871167,1,505.5376
345,Malaysia,2003,439413.0,MYS,24688703.0,7377.364628,1,505.5376
346,Malaysia,2004,537287.0,MYS,25174109.0,7725.904121,1,505.5376
347,Malaysia,2005,577987.0,MYS,25659393.0,7983.952569,1,505.5376
348,Malaysia,2006,634303.0,MYS,26143566.0,8273.725282,1,505.5376
349,Malaysia,2007,645774.0,MYS,26625845.0,8635.566379,1,505.5376
350,Malaysia,2008,647480.0,MYS,27111069.0,8890.793065,1,505.5376
351,Malaysia,2009,764309.0,MYS,27605383.0,8599.435523999999,1,505.5376
352,Malaysia,2010,1037489.0,MYS,28112289.0,9071.356987000001,1,505.5376
353,Malaysia,2011,1140935.0,MYS,28635128.0,9377.187567,1,505.5376
354,Malaysia,2012,1231687.0,MYS,29170456.0,9708.936994,1,505.5376
355,Malaysia,2013,1280942.0,MYS,29706724.0,9981.15458,1,505.5376
356,Malaysia,2014,1233035.0,MYS,30228017.0,10398.2269,1,505.5376
357,Malaysia,2015,1171077.0,MYS,30723155.0,10751.54289,1,505.5376
358,Malaysia,2016,1151587.0,MYS,31187265.0,11038.86933,1,505.5376
359,Malaysia,2017,1168384.0,MYS,31624264.0,11528.296859999999,1,505.5376
360,Malaysia,2018,1253992.0,MYS,31528585.0,12109.48855,1,505.5376
361,Mauritius,2000,0.0,MUS,1186873.0,5560.234238,1,5589.156
362,Mauritius,2001,0.0,MUS,1196287.0,5658.449272999999,1,5589.156
363,Mauritius,2002,0.0,MUS,1204621.0,5738.05555,1,5589.156
364,Mauritius,2003,0.0,MUS,1213370.0,5905.000777,1,5589.156
365,Mauritius,2004,0.0,MUS,1221003.0,6205.252738,1,5589.156
366,Mauritius,2005,0.0,MUS,1228254.0,6245.1964960000005,1,5589.156
367,Mauritius,2006,0.0,MUS,1233996.0,6746.878551999999,1,5589.156
368,Mauritius,2007,0.0,MUS,1239630.0,7100.859329999999,1,5589.156
369,Mauritius,2008,0.0,MUS,1244121.0,7456.381179000001,1,5589.156
370,Mauritius,2009,0.0,MUS,1247429.0,7683.129304000001,1,5589.156
371,Mauritius,2010,0.0,MUS,1250400.0,8000.376431999999,1,5589.156
372,Mauritius,2011,0.0,MUS,1252404.0,8313.264119,1,5589.156
373,Mauritius,2012,0.0,MUS,1255882.0,8580.078391,1,5589.156
374,Mauritius,2013,0.0,MUS,1258653.0,8848.873841,1,5589.156
375,Mauritius,2014,0.0,MUS,1260934.0,9163.640465,1,5589.156
376,Mauritius,2015,0.0,MUS,1262605.0,9476.671387,1,5589.156
377,Mauritius,2016,0.0,MUS,1263473.0,9833.621229999999,1,5589.156
378,Mauritius,2017,13402.0,MUS,1264613.0,10199.91192,1,5589.156
379,Mauritius,2018,14098.0,MUS,1265303.0,10578.617320000001,1,5589.156
380,Myanmar,2000,22091.0,MMR,46095462.0,346.7746454,0,2053.155
381,Myanmar,2001,21675.0,MMR,46627994.0,381.70300960000003,0,2053.155
382,Myanmar,2002,22337.0,MMR,47140220.0,422.9583997,0,2053.155
383,Myanmar,2003,19531.0,MMR,47624894.0,476.6124381,0,2053.155
384,Myanmar,2004,29933.0,MMR,48073707.0,536.2101036,0,2053.155
385,Myanmar,2005,37871.0,MMR,48482614.0,603.8320887,0,2053.155
386,Myanmar,2006,46658.0,MMR,48846474.0,677.7036471,0,2053.155
387,Myanmar,2007,64728.0,MMR,49171586.0,753.9518937000001,0,2053.155
388,Myanmar,2008,78582.0,MMR,49479752.0,826.0946985,0,2053.155
389,Myanmar,2009,70272.0,MMR,49800690.0,907.3623857999999,0,2053.155
390,Myanmar,2010,78338.0,MMR,50155896.0,987.7365832,0,2053.155
391,Myanmar,2011,94184.0,MMR,50553031.0,1034.77236,0,2053.155
392,Myanmar,2012,93046.0,MMR,50986514.0,1101.206165,0,2053.155
393,Myanmar,2013,99367.0,MMR,51448196.0,1183.279235,0,2053.155
394,Myanmar,2014,112764.0,MMR,51924182.0,1266.120248,0,2053.155
395,Myanmar,2015,105452.0,MMR,52403669.0,1342.263064,0,2053.155
396,Myanmar,2016,113616.0,MMR,52885223.0,1408.0141820000001,0,2053.155
397,Myanmar,2017,145721.0,MMR,53370609.0,1489.5057980000001,0,2053.155
398,Myanmar,2018,145603.0,MMR,53708395.0,1571.907217,0,2053.155
399,Netherlands,2000,77326.0,NLD,15925513.0,46133.17635,0,10496.78
400,Netherlands,2001,74989.0,NLD,16046180.0,46758.87675,0,10496.78
401,Netherlands,2002,71648.0,NLD,16148929.0,46509.517139999996,0,10496.78
402,Netherlands,2003,55354.0,NLD,16225302.0,46422.02485,0,10496.78
403,Netherlands,2004,61399.0,NLD,16281779.0,47200.42469,0,10496.78
404,Netherlands,2005,66480.0,NLD,16319868.0,48107.58549,0,10496.78
405,Netherlands,2006,68174.0,NLD,16346101.0,49720.39486,0,10496.78
406,Netherlands,2007,70351.0,NLD,16381696.0,51447.259589999994,0,10496.78
407,Netherlands,2008,73230.0,NLD,16445593.0,52118.092560000005,0,10496.78
408,Netherlands,2009,76359.0,NLD,16530388.0,49897.22517,0,10496.78
409,Netherlands,2010,76520.0,NLD,16615394.0,50950.03434,0,10496.78
410,Netherlands,2011,81090.0,NLD,16693074.0,51499.59579,0,10496.78
411,Netherlands,2012,81603.0,NLD,16754962.0,50780.70297,0,10496.78
412,Netherlands,2013,82926.0,NLD,16804432.0,50565.30207,0,10496.78
413,Netherlands,2014,81811.0,NLD,16865008.0,51100.83982,0,10496.78
414,Netherlands,2015,79052.0,NLD,16939923.0,51871.5765,0,10496.78
415,Netherlands,2016,82245.0,NLD,17030314.0,52727.10247,0,10496.78
416,Netherlands,2017,86911.0,NLD,17131296.0,53920.03335,0,10496.78
417,Netherlands,2018,98328.0,NLD,17231017.0,55041.12039,0,10496.78
418,New Zealand,2000,94274.0,NZL,3857700.0,28972.976239999996,1,8461.287
419,New Zealand,2001,94283.0,NZL,3880500.0,29896.570910000002,1,8461.287
420,New Zealand,2002,94102.0,NZL,3948500.0,30868.588160000003,1,8461.287
421,New Zealand,2003,73490.0,NZL,4027200.0,31639.47936,1,8461.287
422,New Zealand,2004,109063.0,NZL,4087500.0,32191.957260000003,1,8461.287
423,New Zealand,2005,119489.0,NZL,4133900.0,32887.05461,1,8461.287
424,New Zealand,2006,120065.0,NZL,4184600.0,33324.503260000005,1,8461.287
425,New Zealand,2007,116728.0,NZL,4223800.0,34256.7377,1,8461.287
426,New Zealand,2008,110772.0,NZL,4259800.0,33442.258030000005,1,8461.287
427,New Zealand,2009,93834.0,NZL,4302600.0,33743.99323,1,8461.287
428,New Zealand,2010,95790.0,NZL,4350700.0,33692.01083,1,8461.287
429,New Zealand,2011,122995.0,NZL,4384000.0,34337.46265,1,8461.287
430,New Zealand,2012,123701.0,NZL,4408100.0,35003.27667,1,8461.287
431,New Zealand,2013,120447.0,NZL,4442100.0,35436.323319999996,1,8461.287
432,New Zealand,2014,118688.0,NZL,4509700.0,36142.52008,1,8461.287
433,New Zealand,2015,127618.0,NZL,4595700.0,37038.85488,1,8461.287
434,New Zealand,2016,121100.0,NZL,4693200.0,37528.45833,1,8461.287
435,New Zealand,2017,131238.0,NZL,4793900.0,37776.009739999994,1,8461.287
436,New Zealand,2018,137676.0,NZL,4885500.0,38000.7196,1,8461.287
437,Norway,2000,23914.0,NOR,4490967.0,81709.66294,0,10124.02
438,Norway,2001,23138.0,NOR,4513751.0,82992.53186,0,10124.02
439,Norway,2002,22817.0,NOR,4538159.0,83732.93894,0,10124.02
440,Norway,2003,18003.0,NOR,4564855.0,84008.9617,0,10124.02
441,Norway,2004,22882.0,NOR,4591910.0,86820.34131,0,10124.02
442,Norway,2005,23591.0,NOR,4623291.0,88494.36433,0,10124.02
443,Norway,2006,26140.0,NOR,4660677.0,89887.01952,0,10124.02
444,Norway,2007,29176.0,NOR,4709153.0,91617.27915,0,10124.02
445,Norway,2008,32816.0,NOR,4768212.0,90917.54176000001,0,10124.02
446,Norway,2009,30354.0,NOR,4828726.0,88259.96772,0,10124.02
447,Norway,2010,31765.0,NOR,4889252.0,87770.26684,0,10124.02
448,Norway,2011,32450.0,NOR,4953088.0,87481.14835,0,10124.02
449,Norway,2012,36803.0,NOR,5018573.0,88689.49096,0,10124.02
450,Norway,2013,35927.0,NOR,5079623.0,88538.69765,0,10124.02
451,Norway,2014,33508.0,NOR,5137232.0,89274.95614,0,10124.02
452,Norway,2015,31650.0,NOR,5188607.0,90132.34952,0,10124.02
453,Norway,2016,29250.0,NOR,5234519.0,90402.60218999999,0,10124.02
454,Norway,2017,28993.0,NOR,5276968.0,91451.35052,0,10124.02
455,Norway,2018,33961.0,NOR,5314336.0,92121.42113,0,10124.02
456,Pakistan,2000,42495.0,PAK,138523285.0,848.6317831,1,4708.465
457,Pakistan,2001,40842.0,PAK,141601437.0,846.6423731000001,1,4708.465
458,Pakistan,2002,10569.0,PAK,144654143.0,855.4985498,1,4708.465
459,Pakistan,2003,9398.0,PAK,147703401.0,878.4415197000001,1,4708.465
460,Pakistan,2004,14311.0,PAK,150780300.0,923.9233039999999,1,4708.465
461,Pakistan,2005,15945.0,PAK,153909667.0,974.5372982999999,1,4708.465
462,Pakistan,2006,20526.0,PAK,157093993.0,1013.7653720000001,1,4708.465
463,Pakistan,2007,22871.0,PAK,160332974.0,1041.289383,1,4708.465
464,Pakistan,2008,22998.0,PAK,163644603.0,1037.5751369999998,1,4708.465
465,Pakistan,2009,22280.0,PAK,167049580.0,1045.207929,1,4708.465
466,Pakistan,2010,21927.0,PAK,170560182.0,1040.142268,1,4708.465
467,Pakistan,2011,20928.0,PAK,174184265.0,1046.4935449999998,1,4708.465
468,Pakistan,2012,21206.0,PAK,177911533.0,1060.50137,1,4708.465
469,Pakistan,2013,20248.0,PAK,181712595.0,1083.967007,1,4708.465
470,Pakistan,2014,17675.0,PAK,185546257.0,1111.195962,1,4708.465
471,Pakistan,2015,18948.0,PAK,189380513.0,1140.206271,1,4708.465
472,Pakistan,2016,22213.0,PAK,193203476.0,1179.414012,1,4708.465
473,Pakistan,2017,23506.0,PAK,197015955.0,1222.5239060000001,1,4708.465
474,Pakistan,2018,25326.0,PAK,212215030.0,1196.594136,1,4708.465
475,Philippines,2000,181032.0,PHL,77991569.0,1607.201616,1,2406.19
476,Philippines,2001,190630.0,PHL,79665315.0,1618.969757,1,2406.19
477,Philippines,2002,195559.0,PHL,81352060.0,1643.204441,1,2406.19
478,Philippines,2003,176573.0,PHL,83031954.0,1689.9802100000002,1,2406.19
479,Philippines,2004,245895.0,PHL,84678493.0,1768.106838,1,2406.19
480,Philippines,2005,319971.0,PHL,86274237.0,1818.315432,1,2406.19
481,Philippines,2006,386119.0,PHL,87809419.0,1880.192448,1,2406.19
482,Philippines,2007,418775.0,PHL,89293490.0,1971.2817100000002,1,2406.19
483,Philippines,2008,418938.0,PHL,90751864.0,2020.1504100000002,1,2406.19
484,Philippines,2009,432072.0,PHL,92220879.0,2010.799316,1,2406.19
485,Philippines,2010,544449.0,PHL,93726624.0,2129.4992469999997,1,2406.19
486,Philippines,2011,677723.0,PHL,95277940.0,2171.492182,1,2406.19
487,Philippines,2012,656804.0,PHL,96866642.0,2278.635911,1,2406.19
488,Philippines,2013,687794.0,PHL,98481032.0,2399.6071899999997,1,2406.19
489,Philippines,2014,676481.0,PHL,100102249.0,2505.8188649999997,1,2406.19
490,Philippines,2015,673374.0,PHL,101716359.0,2615.659102,1,2406.19
491,Philippines,2016,691643.0,PHL,103320222.0,2752.109121,1,2406.19
492,Philippines,2017,736500.0,PHL,104918090.0,2891.35889,1,2406.19
493,Philippines,2018,778135.0,PHL,106651922.0,3021.986863,1,2406.19
494,Rep Of Ireland,2000,0.0,IRL,3805174.0,42945.22592,1,11265.83
495,Rep Of Ireland,2001,0.0,IRL,3866243.0,44719.904160000006,1,11265.83
496,Rep Of Ireland,2002,0.0,IRL,3931947.0,46746.97453,1,11265.83
497,Rep Of Ireland,2003,0.0,IRL,3996521.0,47426.37176,1,11265.83
498,Rep Of Ireland,2004,0.0,IRL,4070262.0,49678.40456,1,11265.83
499,Rep Of Ireland,2005,0.0,IRL,4159914.0,51527.33372,1,11265.83
500,Rep Of Ireland,2006,0.0,IRL,4273591.0,52926.19962,1,11265.83
501,Rep Of Ireland,2007,0.0,IRL,4398942.0,54096.24902999999,1,11265.83
502,Rep Of Ireland,2008,0.0,IRL,4489544.0,50918.32904,1,11265.83
503,Rep Of Ireland,2009,0.0,IRL,4535375.0,48071.71957,1,11265.83
504,Rep Of Ireland,2010,0.0,IRL,4560155.0,48711.94993,1,11265.83
505,Rep Of Ireland,2011,0.0,IRL,4580084.0,50304.67823,1,11265.83
506,Rep Of Ireland,2012,0.0,IRL,4599533.0,50183.45652,1,11265.83
507,Rep Of Ireland,2013,0.0,IRL,4623816.0,50587.29641,1,11265.83
508,Rep Of Ireland,2014,0.0,IRL,4657740.0,54638.375629999995,1,11265.83
509,Rep Of Ireland,2015,0.0,IRL,4701957.0,67719.15992,1,11265.83
510,Rep Of Ireland,2016,0.0,IRL,4755335.0,70298.65779,1,11265.83
511,Rep Of Ireland,2017,20607.0,IRL,4811321.0,74498.38627,1,11265.83
512,Rep Of Ireland,2018,22677.0,IRL,4853506.0,78764.62727000001,1,11265.83
513,Russian Federation,2000,0.0,RUS,146596557.0,6491.007133,0,7858.916
514,Russian Federation,2001,0.0,RUS,145976083.0,6850.523222,0,7858.916
515,Russian Federation,2002,0.0,RUS,145306046.0,7208.577134,0,7858.916
516,Russian Federation,2003,0.0,RUS,144648257.0,7769.677136,0,7858.916
517,Russian Federation,2004,0.0,RUS,144067054.0,8360.819356,0,7858.916
518,Russian Federation,2005,0.0,RUS,143518523.0,8927.9136,0,7858.916
519,Russian Federation,2006,0.0,RUS,143049528.0,9687.502129999999,0,7858.916
520,Russian Federation,2007,0.0,RUS,142805088.0,10532.335640000001,0,7858.916
521,Russian Federation,2008,0.0,RUS,142742350.0,11089.93982,0,7858.916
522,Russian Federation,2009,0.0,RUS,142785342.0,10219.5304,0,7858.916
523,Russian Federation,2010,0.0,RUS,142849449.0,10674.9972,0,7858.916
524,Russian Federation,2011,0.0,RUS,142960868.0,11230.399140000001,0,7858.916
525,Russian Federation,2012,0.0,RUS,143201676.0,11621.39602,0,7858.916
526,Russian Federation,2013,0.0,RUS,143506911.0,11803.71946,0,7858.916
527,Russian Federation,2014,0.0,RUS,143819666.0,11680.60393,0,7858.916
528,Russian Federation,2015,0.0,RUS,144096870.0,11325.79776,0,7858.916
529,Russian Federation,2016,0.0,RUS,144342396.0,11279.63537,0,7858.916
530,Russian Federation,2017,80134.0,RUS,144496740.0,11452.29133,0,7858.916
531,Russian Federation,2018,84525.0,RUS,144478050.0,11729.09437,0,7858.916
532,Saudi Arabia,2000,24751.0,SAU,20764312.0,18263.23008,0,6978.26
533,Saudi Arabia,2001,25113.0,SAU,21303592.0,17585.39045,0,6978.26
534,Saudi Arabia,2002,6752.0,SAU,21906308.0,16619.43466,0,6978.26
535,Saudi Arabia,2003,3476.0,SAU,22556425.0,17954.949790000002,0,6978.26
536,Saudi Arabia,2004,7287.0,SAU,23228890.0,18822.730040000002,0,6978.26
537,Saudi Arabia,2005,6993.0,SAU,23905654.0,19309.31207,0,6978.26
538,Saudi Arabia,2006,9549.0,SAU,24578301.0,19304.55023,0,6978.26
539,Saudi Arabia,2007,10555.0,SAU,25252569.0,19136.15923,0,6978.26
540,Saudi Arabia,2008,10096.0,SAU,25940770.0,19792.720380000002,0,6978.26
541,Saudi Arabia,2009,10815.0,SAU,26661492.0,18861.11,0,6978.26
542,Saudi Arabia,2010,12633.0,SAU,27425676.0,19259.58726,0,6978.26
543,Saudi Arabia,2011,17041.0,SAU,28238020.0,20575.49795,0,6978.26
544,Saudi Arabia,2012,17969.0,SAU,29086357.0,21056.34715,0,6978.26
545,Saudi Arabia,2013,19896.0,SAU,29944476.0,21005.01212,0,6978.26
546,Saudi Arabia,2014,25778.0,SAU,30776722.0,21183.46489,0,6978.26
547,Saudi Arabia,2015,16091.0,SAU,31557144.0,21507.95569,0,6978.26
548,Saudi Arabia,2016,14520.0,SAU,32275687.0,21380.452719999997,0,6978.26
549,Saudi Arabia,2017,10990.0,SAU,32938213.0,20770.93861,0,6978.26
550,Saudi Arabia,2018,11929.0,SAU,33699947.0,20775.20181,0,6978.26
551,South Africa (Rep Of),2000,0.0,ZAF,45728315.0,5838.864521,1,8844.282
552,South Africa (Rep Of),2001,0.0,ZAF,46385006.0,5911.6185159999995,1,8844.282
553,South Africa (Rep Of),2002,0.0,ZAF,47026173.0,6046.787941,1,8844.282
554,South Africa (Rep Of),2003,0.0,ZAF,47648727.0,6143.778353,1,8844.282
555,South Africa (Rep Of),2004,0.0,ZAF,48247395.0,6343.894043,1,8844.282
556,South Africa (Rep Of),2005,0.0,ZAF,48820586.0,6600.252273,1,8844.282
557,South Africa (Rep Of),2006,0.0,ZAF,49364582.0,6893.306604,1,8844.282
558,South Africa (Rep Of),2007,0.0,ZAF,49887181.0,7186.738115000001,1,8844.282
559,South Africa (Rep Of),2008,0.0,ZAF,50412129.0,7338.845792,1,8844.282
560,South Africa (Rep Of),2009,0.0,ZAF,50970818.0,7146.764256999999,1,8844.282
561,South Africa (Rep Of),2010,0.0,ZAF,51584663.0,7276.376756000001,1,8844.282
562,South Africa (Rep Of),2011,0.0,ZAF,52263516.0,7417.72807,1,8844.282
563,South Africa (Rep Of),2012,0.0,ZAF,52998213.0,7476.803175,1,8844.282
564,South Africa (Rep Of),2013,0.0,ZAF,53767396.0,7552.997235,1,8844.282
565,South Africa (Rep Of),2014,0.0,ZAF,54539571.0,7583.589509,1,8844.282
566,South Africa (Rep Of),2015,0.0,ZAF,55291225.0,7576.211369,1,8844.282
567,South Africa (Rep Of),2016,0.0,ZAF,56015473.0,7520.533231,1,8844.282
568,South Africa (Rep Of),2017,34626.0,ZAF,56717156.0,7525.2931849999995,1,8844.282
569,South Africa (Rep Of),2018,38408.0,ZAF,57779622.0,7432.868382,1,8844.282
570,South Korea,2000,354353.0,KOR,47008111.0,15104.521519999998,1,4632.103
571,South Korea,2001,359083.0,KOR,47370164.0,15667.37846,1,4632.103
572,South Korea,2002,371018.0,KOR,47644736.0,16734.84566,1,4632.103
573,South Korea,2003,261394.0,KOR,47892330.0,17136.66157,1,4632.103
574,South Korea,2004,361079.0,KOR,48082519.0,17905.22579,1,4632.103
575,South Korea,2005,364073.0,KOR,48184561.0,18568.36281,1,4632.103
576,South Korea,2006,454722.0,KOR,48438292.0,19427.18984,1,4632.103
577,South Korea,2007,464292.0,KOR,48683638.0,20385.320040000002,1,4632.103
578,South Korea,2008,423018.0,KOR,49054708.0,20803.50054,1,4632.103
579,South Korea,2009,271987.0,KOR,49307835.0,20843.1348,1,4632.103
580,South Korea,2010,360703.0,KOR,49554112.0,22086.95292,1,4632.103
581,South Korea,2011,414879.0,KOR,49936638.0,22724.70557,1,4632.103
582,South Korea,2012,445184.0,KOR,50199853.0,23123.76136,1,4632.103
583,South Korea,2013,471768.0,KOR,50428893.0,23685.40671,1,4632.103
584,South Korea,2014,536975.0,KOR,50746659.0,24323.57284,1,4632.103
585,South Korea,2015,577082.0,KOR,51014947.0,24870.7709,1,4632.103
586,South Korea,2016,566510.0,KOR,51245707.0,25484.03759,1,4632.103
587,South Korea,2017,631363.0,KOR,51466201.0,26152.030769999998,1,4632.103
588,South Korea,2018,629451.0,KOR,51635256.0,26761.94138,1,4632.103
589,Spain,2000,15117.0,ESP,40567864.0,28335.00183,0,11336.64
590,Spain,2001,15268.0,ESP,40850412.0,29264.88145,0,11336.64
591,Spain,2002,17324.0,ESP,41431558.0,29685.36395,0,11336.64
592,Spain,2003,12527.0,ESP,42187645.0,30082.626480000003,0,11336.64
593,Spain,2004,16632.0,ESP,42921895.0,30504.35743,0,11336.64
594,Spain,2005,17181.0,ESP,43653155.0,31110.01413,0,11336.64
595,Spain,2006,21232.0,ESP,44397319.0,31865.369169999998,0,11336.64
596,Spain,2007,24950.0,ESP,45226803.0,32459.917380000003,0,11336.64
597,Spain,2008,29966.0,ESP,45954106.0,32303.24148,0,11336.64
598,Spain,2009,30871.0,ESP,46362946.0,30874.126010000004,0,11336.64
599,Spain,2010,33765.0,ESP,46576897.0,30736.62785,0,11336.64
600,Spain,2011,34977.0,ESP,46742697.0,30321.704869999998,0,11336.64
601,Spain,2012,37778.0,ESP,46773055.0,29414.85692,0,11336.64
602,Spain,2013,39507.0,ESP,46620045.0,29008.02098,0,11336.64
603,Spain,2014,44215.0,ESP,46480882.0,29496.378930000003,0,11336.64
604,Spain,2015,48074.0,ESP,46444832.0,30595.15683,0,11336.64
605,Spain,2016,49491.0,ESP,46483569.0,31539.51029,0,11336.64
606,Spain,2017,60636.0,ESP,46593171.0,32402.728560000003,0,11336.64
607,Spain,2018,66883.0,ESP,46723749.0,33146.39167,0,11336.64
608,Sri Lanka,2000,63170.0,LKA,18781938.0,1824.7210719999998,0,2719.677
609,Sri Lanka,2001,56248.0,LKA,18913054.0,1784.067178,0,2719.677
610,Sri Lanka,2002,54689.0,LKA,19059300.0,1840.56739,0,2719.677
611,Sri Lanka,2003,51405.0,LKA,19215307.0,1934.071002,0,2719.677
612,Sri Lanka,2004,73204.0,LKA,19372538.0,2022.830359,0,2719.677
613,Sri Lanka,2005,68024.0,LKA,19524558.0,2132.357319,0,2719.677
614,Sri Lanka,2006,73282.0,LKA,19670151.0,2278.87929,0,2719.677
615,Sri Lanka,2007,79405.0,LKA,19810789.0,2416.493266,0,2719.677
616,Sri Lanka,2008,79818.0,LKA,19945832.0,2542.942424,0,2719.677
617,Sri Lanka,2009,70010.0,LKA,20075086.0,2615.982695,0,2719.677
618,Sri Lanka,2010,78973.0,LKA,20198353.0,2808.434392,0,2719.677
619,Sri Lanka,2011,83991.0,LKA,20315017.0,3026.9921510000004,0,2719.677
620,Sri Lanka,2012,83359.0,LKA,20425000.0,3286.007594,0,2719.677
621,Sri Lanka,2013,95606.0,LKA,20585000.0,3371.183337,0,2719.677
622,Sri Lanka,2014,88806.0,LKA,20778000.0,3505.5504520000004,0,2719.677
623,Sri Lanka,2015,93052.0,LKA,20966000.0,3648.08929,0,2719.677
624,Sri Lanka,2016,101905.0,LKA,21203000.0,3768.516812,0,2719.677
625,Sri Lanka,2017,107789.0,LKA,21444000.0,3849.4553560000004,0,2719.677
626,Sri Lanka,2018,113800.0,LKA,21670000.0,3936.450246,0,2719.677
627,Sweden,2000,42415.0,SWE,8872109.0,44693.7366,0,9782.643
628,Sweden,2001,38439.0,SWE,8895960.0,45270.78107,0,9782.643
629,Sweden,2002,36409.0,SWE,8924958.0,46059.36679,0,9782.643
630,Sweden,2003,29480.0,SWE,8958229.0,46983.077260000005,0,9782.643
631,Sweden,2004,35659.0,SWE,8993531.0,48820.60609,0,9782.643
632,Sweden,2005,33607.0,SWE,9029572.0,49996.17522,0,9782.643
633,Sweden,2006,35524.0,SWE,9080505.0,52046.481510000005,0,9782.643
634,Sweden,2007,37620.0,SWE,9148092.0,53421.02024,0,9782.643
635,Sweden,2008,35163.0,SWE,9219637.0,52711.19827,0,9782.643
636,Sweden,2009,31924.0,SWE,9298515.0,49554.34343,0,9782.643
637,Sweden,2010,35084.0,SWE,9378126.0,52132.91853,0,9782.643
638,Sweden,2011,37368.0,SWE,9449213.0,53126.97133,0,9782.643
639,Sweden,2012,43248.0,SWE,9519374.0,52577.985889999996,0,9782.643
640,Sweden,2013,45256.0,SWE,9600379.0,52779.95467,0,9782.643
641,Sweden,2014,44056.0,SWE,9696110.0,53618.57551,0,9782.643
642,Sweden,2015,42562.0,SWE,9799186.0,55418.98428,0,9782.643
643,Sweden,2016,43765.0,SWE,9923085.0,56195.88137999999,0,9782.643
644,Sweden,2017,48011.0,SWE,10057698.0,56610.684989999994,0,9782.643
645,Sweden,2018,53421.0,SWE,10183175.0,57232.08549,0,9782.643
646,Switzerland,2000,48323.0,CHE,7184250.0,67807.92681,0,10375.44
647,Switzerland,2001,46519.0,CHE,7229854.0,68264.52626,0,10375.44
648,Switzerland,2002,45230.0,CHE,7284753.0,67860.24483,0,10375.44
649,Switzerland,2003,33445.0,CHE,7339001.0,67385.29767,0,10375.44
650,Switzerland,2004,44235.0,CHE,7389625.0,68781.61259,0,10375.44
651,Switzerland,2005,47103.0,CHE,7437115.0,70471.43852000001,0,10375.44
652,Switzerland,2006,51880.0,CHE,7483934.0,72823.83726,0,10375.44
653,Switzerland,2007,55103.0,CHE,7551117.0,75143.70222,0,10375.44
654,Switzerland,2008,64788.0,CHE,7647675.0,75793.63304,0,10375.44
655,Switzerland,2009,63829.0,CHE,7743831.0,73189.19255,0,10375.44
656,Switzerland,2010,74376.0,CHE,7824909.0,74605.72102000001,0,10375.44
657,Switzerland,2011,79023.0,CHE,7912398.0,75029.75782,0,10375.44
658,Switzerland,2012,83857.0,CHE,7996861.0,74984.13712,0,10375.44
659,Switzerland,2013,94380.0,CHE,8089346.0,75499.70674,0,10375.44
660,Switzerland,2014,103444.0,CHE,8188649.0,76410.85666,0,10375.44
661,Switzerland,2015,100849.0,CHE,8282396.0,76553.28214,0,10375.44
662,Switzerland,2016,101455.0,CHE,8373338.0,76934.32049,0,10375.44
663,Switzerland,2017,104759.0,CHE,8450851.0,77461.04537,0,10375.44
664,Switzerland,2018,102376.0,CHE,8516543.0,78816.21505,0,10375.44
665,Thailand,2000,246750.0,THA,62958021.0,3458.0539310000004,0,1435.705
666,Thailand,2001,260958.0,THA,63543322.0,3544.2083439999997,0,1435.705
667,Thailand,2002,263865.0,THA,64073164.0,3731.027107,0,1435.705
668,Thailand,2003,235798.0,THA,64554952.0,3969.4155659999997,0,1435.705
669,Thailand,2004,341965.0,THA,65002231.0,4190.032276,0,1435.705
670,Thailand,2005,379040.0,THA,65425470.0,4337.263357,0,1435.705
671,Thailand,2006,356367.0,THA,65824164.0,4525.159282,0,1435.705
672,Thailand,2007,353416.0,THA,66195615.0,4744.333227,0,1435.705
673,Thailand,2008,333905.0,THA,66545760.0,4800.810536999999,0,1435.705
674,Thailand,2009,317905.0,THA,66881867.0,4743.690472,0,1435.705
675,Thailand,2010,430067.0,THA,67208808.0,5075.302176,0,1435.705
676,Thailand,2011,472708.0,THA,67530130.0,5093.5805,0,1435.705
677,Thailand,2012,477654.0,THA,67843979.0,5437.227931,0,1435.705
678,Thailand,2013,497409.0,THA,68143065.0,5558.841093999999,0,1435.705
679,Thailand,2014,506509.0,THA,68416772.0,5591.1055799999995,0,1435.705
680,Thailand,2015,516409.0,THA,68657600.0,5739.762652,0,1435.705
681,Thailand,2016,546556.0,THA,68863514.0,5910.454567,0,1435.705
682,Thailand,2017,531335.0,THA,69037513.0,6126.244256,0,1435.705
683,Thailand,2018,545601.0,THA,69428524.0,6361.62499,0,1435.705
684,USA,2000,385585.0,USA,282162411.0,45055.81792,1,15122.62
685,USA,2001,343808.0,USA,284968955.0,45047.4872,1,15122.62
686,USA,2002,327651.0,USA,287625193.0,45428.64568,1,15122.62
687,USA,2003,250662.0,USA,290107933.0,46304.036089999994,1,15122.62
688,USA,2004,333145.0,USA,292805298.0,47614.27986,1,15122.62
689,USA,2005,371355.0,USA,295516599.0,48755.61606,1,15122.62
690,USA,2006,399786.0,USA,298379912.0,49575.40101,1,15122.62
691,USA,2007,408885.0,USA,301231207.0,49979.53384,1,15122.62
692,USA,2008,396631.0,USA,304093966.0,49364.64455,1,15122.62
693,USA,2009,370704.0,USA,306771529.0,47575.60856,1,15122.62
694,USA,2010,417195.0,USA,309326085.0,48466.821019999996,1,15122.62
695,USA,2011,440576.0,USA,311580009.0,48862.422569999995,1,15122.62
696,USA,2012,477213.0,USA,313874218.0,49596.41951,1,15122.62
697,USA,2013,491946.0,USA,316057727.0,50161.07339,1,15122.62
698,USA,2014,484912.0,USA,318386421.0,51015.133,1,15122.62
699,USA,2015,499509.0,USA,320742673.0,52099.26723,1,15122.62
700,USA,2016,516458.0,USA,323071342.0,52534.36274,1,15122.62
701,USA,2017,565430.0,USA,325147121.0,53356.23365,1,15122.62
702,USA,2018,643162.0,USA,327167434.0,54541.72316,1,15122.62
703,United Arab Emirates,2000,21017.0,ARE,3154925.0,62833.251070000006,0,5843.977
704,United Arab Emirates,2001,21619.0,ARE,3326032.0,60434.67397999999,0,5843.977
705,United Arab Emirates,2002,20780.0,ARE,3507232.0,58707.007170000004,0,5843.977
706,United Arab Emirates,2003,15684.0,ARE,3741932.0,59867.289939999995,0,5843.977
707,United Arab Emirates,2004,25158.0,ARE,4087931.0,60042.59735,0,5843.977
708,United Arab Emirates,2005,28062.0,ARE,4579562.0,56199.02927000001,0,5843.977
709,United Arab Emirates,2006,34013.0,ARE,5242032.0,53926.5971,0,5843.977
710,United Arab Emirates,2007,41054.0,ARE,6044067.0,48260.010910000005,0,5843.977
711,United Arab Emirates,2008,51170.0,ARE,6894278.0,43658.94478,0,5843.977
712,United Arab Emirates,2009,49529.0,ARE,7666393.0,37203.39799,0,5843.977
713,United Arab Emirates,2010,56476.0,ARE,8270684.0,35037.89267,0,5843.977
714,United Arab Emirates,2011,62736.0,ARE,8672475.0,35730.32935,0,5843.977
715,United Arab Emirates,2012,65552.0,ARE,8900453.0,36376.45368,0,5843.977
716,United Arab Emirates,2013,72553.0,ARE,9006263.0,37765.71684,0,5843.977
717,United Arab Emirates,2014,75742.0,ARE,9070867.0,39146.112089999995,0,5843.977
718,United Arab Emirates,2015,78693.0,ARE,9154302.0,40753.88634,0,5843.977
719,United Arab Emirates,2016,80234.0,ARE,9269612.0,41449.68142,0,5843.977
720,United Arab Emirates,2017,79007.0,ARE,9400145.0,41197.16878,0,5843.977
721,United Arab Emirates,2018,76263.0,ARE,9630959.0,40782.36811,0,5843.977
722,United Kingdom,2000,444976.0,GBR,58892514.0,35576.76685,1,10917.7
723,United Kingdom,2001,460018.0,GBR,59119673.0,36341.70975,1,10917.7
724,United Kingdom,2002,458509.0,GBR,59370479.0,37077.64835,1,10917.7
725,United Kingdom,2003,387969.0,GBR,59647577.0,38132.841089999994,1,10917.7
726,United Kingdom,2004,457252.0,GBR,59987905.0,38813.021689999994,1,10917.7
727,United Kingdom,2005,467079.0,GBR,60401206.0,39740.90292,1,10917.7
728,United Kingdom,2006,488167.0,GBR,60846820.0,40418.7473,1,10917.7
729,United Kingdom,2007,495693.0,GBR,61322463.0,41050.40593,1,10917.7
730,United Kingdom,2008,492933.0,GBR,61806995.0,40536.134860000006,1,10917.7
731,United Kingdom,2009,469756.0,GBR,62276270.0,38545.91582,1,10917.7
732,United Kingdom,2010,461769.0,GBR,62766365.0,39079.84261,1,10917.7
733,United Kingdom,2011,442611.0,GBR,63258918.0,39413.32388,1,10917.7
734,United Kingdom,2012,446497.0,GBR,63700300.0,39706.61008,1,10917.7
735,United Kingdom,2013,461459.0,GBR,64128226.0,40248.76511,1,10917.7
736,United Kingdom,2014,451931.0,GBR,64613160.0,41124.1434,1,10917.7
737,United Kingdom,2015,473810.0,GBR,65128861.0,41756.92237,1,10917.7
738,United Kingdom,2016,489224.0,GBR,65595565.0,42201.64143,1,10917.7
739,United Kingdom,2017,518930.0,GBR,66023290.0,42692.56407,1,10917.7
740,United Kingdom,2018,588863.0,GBR,66488991.0,42986.03288,1,10917.7
741,Vietnam,2000,31837.0,VNM,80285562.0,761.6101712000001,0,1480.831
742,Vietnam,2001,34633.0,VNM,81139919.0,800.2599286000001,0,1480.831
743,Vietnam,2002,40648.0,VNM,81956496.0,842.3655167999999,0,1480.831
744,Vietnam,2003,44415.0,VNM,82747662.0,891.8711814,0,1480.831
745,Vietnam,2004,105807.0,VNM,83527678.0,950.1299117000001,0,1480.831
746,Vietnam,2005,150626.0,VNM,84308843.0,1012.370707,0,1480.831
747,Vietnam,2006,165105.0,VNM,85094617.0,1073.0128,0,1480.831
748,Vietnam,2007,203210.0,VNM,85889590.0,1138.873683,0,1480.831
749,Vietnam,2008,239299.0,VNM,86707801.0,1191.9987529999999,0,1480.831
750,Vietnam,2009,265414.0,VNM,87565407.0,1244.0371519999999,0,1480.831
751,Vietnam,2010,322880.0,VNM,88472512.0,1310.370273,0,1480.831
752,Vietnam,2011,332231.0,VNM,89436644.0,1377.133984,0,1480.831
753,Vietnam,2012,366234.0,VNM,90451881.0,1433.129144,0,1480.831
754,Vietnam,2013,380495.0,VNM,91497725.0,1493.56251,0,1480.831
755,Vietnam,2014,424408.0,VNM,92544915.0,1565.020497,0,1480.831
756,Vietnam,2015,418266.0,VNM,93571567.0,1651.234675,0,1480.831
757,Vietnam,2016,469429.0,VNM,94569072.0,1735.2909539999998,0,1480.831
758,Vietnam,2017,531359.0,VNM,95540800.0,1834.6515949999998,0,1480.831
759,Vietnam,2018,591600.0,VNM,95540395.0,1964.475991,0,1480.831
