country_code,country,year,visitor_count,total_pop,gdp_per_capita,comm_lang,distw_km
AUS,Australia,2000,510347.0,19153000.0,44313.31823,1,5893.496999999999
AUS,Australia,2001,550681.0,19413000.0,44564.97656,1,5893.496999999999
AUS,Australia,2002,538378.0,19651400.0,45786.64281000001,1,5893.496999999999
AUS,Australia,2004,561219.0,20127400.0,47880.61166,1,5893.496999999999
AUS,Australia,2005,620196.0,20394800.0,48760.35517,1,5893.496999999999
AUS,Australia,2006,691632.0,20697900.0,49408.05274,1,5893.496999999999
AUS,Australia,2007,768490.0,20827600.0,50955.05595,1,5893.496999999999
AUS,Australia,2008,833156.0,21249200.0,51770.90715,1,5893.496999999999
AUS,Australia,2009,830299.0,21691700.0,51689.91356,1,5893.496999999999
AUS,Australia,2010,880558.0,22031750.0,51936.88871,1,5893.496999999999
AUS,Australia,2011,956039.0,22340024.0,52475.66325,1,5893.496999999999
AUS,Australia,2012,1050373.0,22733465.0,53574.4588,1,5893.496999999999
AUS,Australia,2013,1125179.0,23128129.0,54050.20929,1,5893.496999999999
AUS,Australia,2014,1074878.0,23475686.0,54612.31183,1,5893.496999999999
AUS,Australia,2015,1043568.0,23815995.0,55097.61397000001,1,5893.496999999999
AUS,Australia,2016,1027314.0,24190907.0,55777.3462,1,5893.496999999999
AUS,Australia,2017,1082001.0,24601860.0,55919.27804,1,5893.496999999999
AUS,Australia,2018,1107215.0,24992369.0,56919.37428,1,5893.496999999999
BGD,Bangladesh,2000,38646.0,131581243.0,509.2934347,0,2874.2790000000005
BGD,Bangladesh,2001,42415.0,134107160.0,525.0721106999998,0,2874.2790000000005
BGD,Bangladesh,2002,27551.0,136600667.0,535.2467234000002,0,2874.2790000000005
BGD,Bangladesh,2004,41544.0,141307489.0,570.3367360000002,0,2874.2790000000005
BGD,Bangladesh,2005,54353.0,143431101.0,598.6174259,0,2874.2790000000005
BGD,Bangladesh,2006,63765.0,145368004.0,630.0483969,0,2874.2790000000005
BGD,Bangladesh,2007,77050.0,147139191.0,666.4014472,0,2874.2790000000005
BGD,Bangladesh,2008,95818.0,148805814.0,698.564892,0,2874.2790000000005
BGD,Bangladesh,2009,86637.0,150454708.0,725.76626,0,2874.2790000000005
BGD,Bangladesh,2010,92312.0,152149102.0,757.6717572000001,0,2874.2790000000005
BGD,Bangladesh,2011,95531.0,153911916.0,797.4116803999998,0,2874.2790000000005
BGD,Bangladesh,2012,110673.0,155727053.0,839.5136872000003,0,2874.2790000000005
BGD,Bangladesh,2013,119324.0,157571292.0,879.5820848,0,2874.2790000000005
BGD,Bangladesh,2014,124926.0,159405279.0,922.1609594,0,2874.2790000000005
BGD,Bangladesh,2015,122587.0,161200886.0,971.641988,0,2874.2790000000005
BGD,Bangladesh,2016,123343.0,162951560.0,1029.578212,0,2874.2790000000005
BGD,Bangladesh,2017,120589.0,164669751.0,1093.049274,0,2874.2790000000005
BGD,Bangladesh,2018,126301.0,161356039.0,1203.216265,0,2874.2790000000005
BRN,Brunei Darussalam,2000,57913.0,333241.0,35923.40183,1,1264.269
BRN,Brunei Darussalam,2001,62264.0,340117.0,36162.97793,1,1264.269
BRN,Brunei Darussalam,2002,60047.0,346867.0,36832.26623,1,1264.269
BRN,Brunei Darussalam,2004,46087.0,359523.0,36752.04732,1,1264.269
BRN,Brunei Darussalam,2005,47859.0,365158.0,36325.12073,1,1264.269
BRN,Brunei Darussalam,2006,45331.0,370250.0,37401.05316,1,1264.269
BRN,Brunei Darussalam,2007,50247.0,374864.0,36997.80726,1,1264.269
BRN,Brunei Darussalam,2008,54285.0,379252.0,35860.38878,1,1264.269
BRN,Brunei Darussalam,2009,56531.0,383772.0,34812.71469,1,1264.269
BRN,Brunei Darussalam,2010,62157.0,388662.0,35268.10117,1,1264.269
BRN,Brunei Darussalam,2011,62243.0,394013.0,36092.09698,1,1264.269
BRN,Brunei Darussalam,2012,71755.0,399748.0,35899.03737,1,1264.269
BRN,Brunei Darussalam,2013,79866.0,405716.0,34618.972910000004,1,1264.269
BRN,Brunei Darussalam,2014,77656.0,411704.0,33313.832780000004,1,1264.269
BRN,Brunei Darussalam,2015,73594.0,417542.0,32661.85702,1,1264.269
BRN,Brunei Darussalam,2016,69891.0,423196.0,31430.96259,1,1264.269
BRN,Brunei Darussalam,2017,68419.0,428697.0,31439.92372,1,1264.269
BRN,Brunei Darussalam,2018,74960.0,428962.0,31436.94859,1,1264.269
CAN,Canada,2000,71393.0,30769700.0,43638.28315,1,14394.1
CAN,Canada,2001,69273.0,31081900.0,43964.95459,1,14394.1
CAN,Canada,2002,67943.0,31362000.0,44883.8284,1,14394.1
CAN,Canada,2004,68876.0,31995000.0,46170.9202,1,14394.1
CAN,Canada,2005,76924.0,32312000.0,47181.56239,1,14394.1
CAN,Canada,2006,83404.0,32570505.0,48035.03579,1,14394.1
CAN,Canada,2007,86627.0,32887928.0,48552.69643,1,14394.1
CAN,Canada,2008,80044.0,33245773.0,48510.56777,1,14394.1
CAN,Canada,2009,70034.0,33628571.0,46543.7922,1,14394.1
CAN,Canada,2010,75142.0,34005274.0,47447.47602,1,14394.1
CAN,Canada,2011,82932.0,34342780.0,48456.96457,1,14394.1
CAN,Canada,2012,87795.0,34750545.0,48724.2458,1,14394.1
CAN,Canada,2013,92685.0,35152370.0,49359.42247,1,14394.1
CAN,Canada,2014,92827.0,35535348.0,50221.84198000001,1,14394.1
CAN,Canada,2015,96247.0,35832513.0,50303.83685,1,14394.1
CAN,Canada,2016,98474.0,36264604.0,50407.34133,1,14394.1
CAN,Canada,2017,105214.0,36708083.0,51315.88897,1,14394.1
CAN,Canada,2018,129512.0,37058856.0,51357.75398,1,14394.1
CHN,China,2000,434335.0,1262645000.0,1771.7415059999996,1,4097.429
CHN,China,2001,497398.0,1271850000.0,1905.61078,1,4097.429
CHN,China,2002,670093.0,1280400000.0,2065.718579,1,4097.429
CHN,China,2004,880240.0,1296075000.0,2472.586556,1,4097.429
CHN,China,2005,857682.0,1303720000.0,2738.20546,1,4097.429
CHN,China,2006,1037201.0,1311020000.0,3069.304781,1,4097.429
CHN,China,2007,1113956.0,1317885000.0,3487.8457659999995,1,4097.429
CHN,China,2008,1078742.0,1324655000.0,3805.025999,1,4097.429
CHN,China,2009,936747.0,1331260000.0,4142.038286,1,4097.429
CHN,China,2010,1171493.0,1337705000.0,4560.512586,1,4097.429
CHN,China,2011,1577522.0,1344130000.0,4971.544929,1,4097.429
CHN,China,2012,2034177.0,1350695000.0,5336.060143,1,4097.429
CHN,China,2013,2269870.0,1357380000.0,5721.693819,1,4097.429
CHN,China,2014,1722380.0,1364270000.0,6108.238775,1,4097.429
CHN,China,2015,2106164.0,1371220000.0,6496.6240130000015,1,4097.429
CHN,China,2016,2863669.0,1378665000.0,6894.464522,1,4097.429
CHN,China,2017,3228134.0,1386395000.0,7329.089298999998,1,4097.429
CHN,China,2018,3416475.0,1392730000.0,7754.962119,1,4097.429
DNK,Denmark,2000,25243.0,5339616.0,55850.63643,0,10051.39
DNK,Denmark,2001,25431.0,5358783.0,56108.96272,0,10051.39
DNK,Denmark,2002,25705.0,5375931.0,56190.81452000001,0,10051.39
DNK,Denmark,2004,25745.0,5404523.0,57608.73489,0,10051.39
DNK,Denmark,2005,29158.0,5419432.0,58792.67137999999,0,10051.39
DNK,Denmark,2006,27045.0,5437272.0,60892.76661,0,10051.39
DNK,Denmark,2007,31406.0,5461438.0,61174.54515,0,10051.39
DNK,Denmark,2008,32316.0,5493621.0,60504.7753,0,10051.39
DNK,Denmark,2009,30571.0,5523095.0,57229.05164,0,10051.39
DNK,Denmark,2010,29635.0,5547683.0,58041.41122,0,10051.39
DNK,Denmark,2011,27201.0,5570572.0,58575.61892000001,0,10051.39
DNK,Denmark,2012,31479.0,5591572.0,58487.78637,0,10051.39
DNK,Denmark,2013,31920.0,5614932.0,58788.08179,0,10051.39
DNK,Denmark,2014,31892.0,5643475.0,59437.9339,0,10051.39
DNK,Denmark,2015,31389.0,5683483.0,60402.13322,0,10051.39
DNK,Denmark,2016,31246.0,5728010.0,61370.78571,0,10051.39
DNK,Denmark,2017,33986.0,5764980.0,62356.75171,0,10051.39
DNK,Denmark,2018,37417.0,5797446.0,62888.72719,0,10051.39
EGY,Egypt,2017,4029.0,97553151.0,2785.247479,1,8286.962
EGY,Egypt,2018,4367.0,98423595.0,2907.317585,1,8286.962
FIN,Finland,2000,18171.0,5176209.0,40450.37337,0,9304.872
FIN,Finland,2001,14123.0,5188008.0,41399.94358,0,9304.872
FIN,Finland,2002,11317.0,5200598.0,41993.68902,0,9304.872
FIN,Finland,2004,12057.0,5228172.0,44277.8427,0,9304.872
FIN,Finland,2005,14467.0,5246096.0,45353.26,0,9304.872
FIN,Finland,2006,16303.0,5266268.0,47011.6576,0,9304.872
FIN,Finland,2007,14528.0,5288720.0,49239.19396,0,9304.872
FIN,Finland,2008,13380.0,5313399.0,49363.6972,0,9304.872
FIN,Finland,2009,16035.0,5338871.0,45065.75349,0,9304.872
FIN,Finland,2010,15611.0,5363352.0,46202.41516,0,9304.872
FIN,Finland,2011,23905.0,5388272.0,47171.02206,0,9304.872
FIN,Finland,2012,33333.0,5413971.0,46277.55628,0,9304.872
FIN,Finland,2013,29375.0,5438972.0,45715.64682,0,9304.872
FIN,Finland,2014,30707.0,5461512.0,45239.3688,0,9304.872
FIN,Finland,2015,27904.0,5479531.0,45316.35427,0,9304.872
FIN,Finland,2016,28642.0,5495303.0,46438.82274,0,9304.872
FIN,Finland,2017,31327.0,5508214.0,47558.88848,0,9304.872
FIN,Finland,2018,32580.0,5518050.0,48579.87129,0,9304.872
FRA,France,2000,74773.0,60912500.0,38460.6821,0,10734.97
FRA,France,2001,71456.0,61357430.0,38928.03031,0,10734.97
FRA,France,2002,72151.0,61805267.0,39078.1987,0,10734.97
FRA,France,2004,77885.0,62704895.0,39915.26454,0,10734.97
FRA,France,2005,80924.0,63179351.0,40252.41822,0,10734.97
FRA,France,2006,90198.0,63621381.0,40922.08323,0,10734.97
FRA,France,2007,99269.0,64016227.0,41630.09374,0,10734.97
FRA,France,2008,111198.0,64374989.0,41478.93741000001,0,10734.97
FRA,France,2009,119728.0,64707044.0,40052.30512,0,10734.97
FRA,France,2010,130461.0,65027507.0,40638.334,0,10734.97
FRA,France,2011,140299.0,65342775.0,41329.03853,0,10734.97
FRA,France,2012,158923.0,65659789.0,41258.2873,0,10734.97
FRA,France,2013,160013.0,65998660.0,41283.0077,0,10734.97
FRA,France,2014,156882.0,66316092.0,41478.25197,0,10734.97
FRA,France,2015,157483.0,66593366.0,41765.24403,0,10734.97
FRA,France,2016,170913.0,66859768.0,42085.97405,0,10734.97
FRA,France,2017,175413.0,67105513.0,42838.06594,0,10734.97
FRA,France,2018,204766.0,66987244.0,43663.58492,0,10734.97
DEU,Germany,2000,169408.0,82211508.0,37998.42531000001,0,10180.76
DEU,Germany,2001,166981.0,82349925.0,38577.72563,0,10180.76
DEU,Germany,2002,157504.0,82488495.0,38512.92004,0,10180.76
DEU,Germany,2004,142368.0,82516260.0,38673.88811,0,10180.76
DEU,Germany,2005,154779.0,82469422.0,38969.3217,0,10180.76
DEU,Germany,2006,161125.0,82376451.0,40456.85738,0,10180.76
DEU,Germany,2007,164900.0,82266372.0,41831.86709,0,10180.76
DEU,Germany,2008,175280.0,82110097.0,42365.0975,0,10180.76
DEU,Germany,2009,183681.0,81902307.0,40086.10476,0,10180.76
DEU,Germany,2010,209263.0,81776930.0,41785.55691,0,10180.76
DEU,Germany,2011,219952.0,80274983.0,44125.33141,0,10180.76
DEU,Germany,2012,252433.0,80425823.0,44259.25991,0,10180.76
DEU,Germany,2013,251560.0,80645605.0,44354.73689,0,10180.76
DEU,Germany,2014,263513.0,80982500.0,45132.27363,0,10180.76
DEU,Germany,2015,286732.0,81686611.0,45521.31928,0,10180.76
DEU,Germany,2016,328765.0,82348669.0,46167.83078,0,10180.76
DEU,Germany,2017,342386.0,82685827.0,46971.40763,0,10180.76
DEU,Germany,2018,356797.0,82927922.0,47501.81265,0,10180.76
HKG,Hong Kong SAR,2000,285975.0,6665000.0,23015.88824,1,2593.055
HKG,Hong Kong SAR,2001,276157.0,6714300.0,22975.03477,1,2593.055
HKG,Hong Kong SAR,2002,265965.0,6744100.0,23252.44675,1,2593.055
HKG,Hong Kong SAR,2004,271686.0,6783500.0,25896.62106,1,2593.055
HKG,Hong Kong SAR,2005,313814.0,6813200.0,27688.69844,1,2593.055
HKG,Hong Kong SAR,2006,291474.0,6857100.0,29446.23689,1,2593.055
HKG,Hong Kong SAR,2007,302110.0,6916300.0,31081.54801,1,2593.055
HKG,Hong Kong SAR,2008,278115.0,6957800.0,31553.613230000006,1,2593.055
HKG,Hong Kong SAR,2009,294420.0,6972800.0,30711.484760000007,1,2593.055
HKG,Hong Kong SAR,2010,387579.0,7024200.0,32549.99823,1,2593.055
HKG,Hong Kong SAR,2011,464375.0,7071600.0,33888.49592,1,2593.055
HKG,Hong Kong SAR,2012,472167.0,7150100.0,34086.32123,1,2593.055
HKG,Hong Kong SAR,2013,539810.0,7178900.0,35002.51749,1,2593.055
HKG,Hong Kong SAR,2014,631029.0,7229500.0,35717.67916,1,2593.055
HKG,Hong Kong SAR,2015,609888.0,7291300.0,36260.59546,1,2593.055
HKG,Hong Kong SAR,2016,537970.0,7336600.0,36816.14986000001,1,2593.055
HKG,Hong Kong SAR,2017,465781.0,7391700.0,37927.13462,1,2593.055
HKG,Hong Kong SAR,2018,473113.0,7451000.0,38784.75557,1,2593.055
IND,India,2000,346356.0,1053050912.0,829.3590895,1,3742.252
IND,India,2001,339813.0,1071477855.0,854.4159873,1,3742.252
IND,India,2002,375628.0,1089807112.0,872.0008607000002,1,3742.252
IND,India,2004,471207.0,1126135777.0,982.3167029,1,3742.252
IND,India,2005,583401.0,1144118674.0,1043.486764,1,3742.252
IND,India,2006,658902.0,1161977719.0,1110.268737,1,3742.252
IND,India,2007,748728.0,1179681239.0,1177.386194,1,3742.252
IND,India,2008,778303.0,1197146906.0,1196.020983,1,3742.252
IND,India,2009,725624.0,1214270132.0,1271.858887,1,3742.252
IND,India,2010,828994.0,1230980691.0,1361.203571,1,3742.252
IND,India,2011,868991.0,1247236029.0,1413.8779949999996,1,3742.252
IND,India,2012,894993.0,1263065852.0,1472.33786,1,3742.252
IND,India,2013,933553.0,1278562207.0,1547.378382,1,3742.252
IND,India,2014,943636.0,1293859294.0,1642.392584,1,3742.252
IND,India,2015,1013986.0,1309053980.0,1753.1341940000002,1,3742.252
IND,India,2016,1097200.0,1324171354.0,1874.707237,1,3742.252
IND,India,2017,1272077.0,1339180127.0,1986.56749,1,3742.252
IND,India,2018,1442242.0,1352617328.0,2104.163292,1,3742.252
IDN,Indonesia,2000,1313316.0,211540429.0,2143.38989,1,1012.916
IDN,Indonesia,2001,1364380.0,214506502.0,2190.76618,1,1012.916
IDN,Indonesia,2002,1392997.0,217508059.0,2257.746855,1,1012.916
IDN,Indonesia,2004,1765422.0,223614649.0,2416.836389,1,1012.916
IDN,Indonesia,2005,1813569.0,226712730.0,2519.5098420000004,1,1012.916
IDN,Indonesia,2006,1922217.0,229838202.0,2621.960398,1,1012.916
IDN,Indonesia,2007,1962055.0,232989141.0,2750.615143,1,1012.916
IDN,Indonesia,2008,1765429.0,236159276.0,2876.88504,1,1012.916
IDN,Indonesia,2009,1745330.0,239340478.0,2970.044131,1,1012.916
IDN,Indonesia,2010,2306243.0,242524123.0,3113.480635000001,1,1012.916
IDN,Indonesia,2011,2592222.0,245707511.0,3262.748613,1,1012.916
IDN,Indonesia,2012,2837537.0,248883232.0,3415.351267,1,1012.916
IDN,Indonesia,2013,3088859.0,252032263.0,3560.10658,1,1012.916
IDN,Indonesia,2014,3025178.0,255131116.0,3692.942875,1,1012.916
IDN,Indonesia,2015,2731690.0,258162113.0,3827.550779,1,1012.916
IDN,Indonesia,2016,2893646.0,261115456.0,3974.723704,1,1012.916
IDN,Indonesia,2017,2954400.0,263991379.0,4130.644233,1,1012.916
IDN,Indonesia,2018,3021429.0,267663435.0,4284.652535,1,1012.916
IRN,Iran,2000,6809.0,66131854.0,4781.850824,0,6562.233
IRN,Iran,2001,7551.0,67096414.0,4749.806309000001,0,6562.233
IRN,Iran,2002,2529.0,67983330.0,5028.437362,0,6562.233
IRN,Iran,2004,5363.0,69617100.0,5572.9057170000015,0,6562.233
IRN,Iran,2005,6983.0,70421811.0,5684.957501,0,6562.233
IRN,Iran,2006,9350.0,71227880.0,5901.641789,0,6562.233
IRN,Iran,2007,14235.0,72031103.0,6311.7895,0,6562.233
IRN,Iran,2008,19083.0,72845542.0,6256.877968,0,6562.233
IRN,Iran,2009,23917.0,73687565.0,6247.69166,0,6562.233
IRN,Iran,2010,36932.0,74567511.0,6531.92743,0,6562.233
IRN,Iran,2011,32434.0,75491582.0,6622.672941,0,6562.233
IRN,Iran,2012,18553.0,76453574.0,6052.516833,0,6562.233
IRN,Iran,2013,10956.0,77435384.0,5964.179046,0,6562.233
IRN,Iran,2014,12370.0,78411092.0,6161.103523,0,6562.233
IRN,Iran,2015,12267.0,79360487.0,6007.004893,0,6562.233
IRN,Iran,2016,22641.0,80277428.0,6733.913473999999,0,6562.233
IRN,Iran,2017,24885.0,81162788.0,6910.5695700000015,0,6562.233
ISR,Israel,2017,19691.0,8713300.0,34333.13234,1,7963.227
ISR,Israel,2018,22385.0,8883800.0,34788.65793,1,7963.227
ITA,Italy,2000,42230.0,56942108.0,36180.77833,0,10070.96
ITA,Italy,2001,35739.0,56974100.0,36801.29381,0,10070.96
ITA,Italy,2002,36737.0,57059007.0,36837.86399,0,10070.96
ITA,Italy,2004,27664.0,57685327.0,37070.33052,0,10070.96
ITA,Italy,2005,30651.0,57969484.0,37238.93653,0,10070.96
ITA,Italy,2006,35657.0,58143979.0,37872.16836,0,10070.96
ITA,Italy,2007,38746.0,58438310.0,38236.79561,0,10070.96
ITA,Italy,2008,43035.0,58826731.0,37585.33735,0,10070.96
ITA,Italy,2009,46770.0,59095365.0,35363.400460000004,0,10070.96
ITA,Italy,2010,51086.0,59277417.0,35849.3732,0,10070.96
ITA,Italy,2011,53520.0,59379449.0,35994.13358,0,10070.96
ITA,Italy,2012,65557.0,59539717.0,34885.2969,0,10070.96
ITA,Italy,2013,66650.0,60233948.0,33887.29817,0,10070.96
ITA,Italy,2014,67052.0,60789140.0,33615.97178,0,10070.96
ITA,Italy,2015,69350.0,60730582.0,33959.29372,0,10070.96
ITA,Italy,2016,74629.0,60627498.0,34406.70368,0,10070.96
ITA,Italy,2017,80428.0,60536709.0,34999.90639,0,10070.96
ITA,Italy,2018,102005.0,60431283.0,35391.705480000004,0,10070.96
JPN,Japan,2000,929895.0,126843000.0,42169.73328,0,5167.93
JPN,Japan,2001,755763.0,127149000.0,42239.18493,0,5167.93
JPN,Japan,2002,723409.0,127445000.0,42190.80487,0,5167.93
JPN,Japan,2004,598811.0,127761000.0,43671.67997,0,5167.93
JPN,Japan,2005,588452.0,127773000.0,44393.62638,0,5167.93
JPN,Japan,2006,594406.0,127854000.0,44995.49449,0,5167.93
JPN,Japan,2007,594514.0,128001000.0,45687.27381,0,5167.93
JPN,Japan,2008,571040.0,128063000.0,45165.78792,0,5167.93
JPN,Japan,2009,489987.0,128047000.0,42724.76037,0,5167.93
JPN,Japan,2010,528951.0,128070000.0,44507.67639,0,5167.93
JPN,Japan,2011,656417.0,127833000.0,44538.72619,0,5167.93
JPN,Japan,2012,757116.0,127629000.0,45276.87434,0,5167.93
JPN,Japan,2013,832845.0,127445000.0,46249.20959,0,5167.93
JPN,Japan,2014,824741.0,127276000.0,46484.15527,0,5167.93
JPN,Japan,2015,789179.0,127141000.0,47163.49421,0,5167.93
JPN,Japan,2016,783863.0,126994511.0,47660.89304,0,5167.93
JPN,Japan,2017,792873.0,126785797.0,48567.41706,0,5167.93
JPN,Japan,2018,829664.0,126529100.0,48919.56089,0,5167.93
KWT,Kuwait,2000,8221.0,2050741.0,35792.70979,1,6672.034000000001
KWT,Kuwait,2001,8690.0,2109355.0,35051.802260000004,1,6672.034000000001
KWT,Kuwait,2002,7113.0,2143833.0,35522.72737,1,6672.034000000001
KWT,Kuwait,2004,8161.0,2207939.0,44820.20002,1,6672.034000000001
KWT,Kuwait,2005,4977.0,2276623.0,47847.82359,1,6672.034000000001
KWT,Kuwait,2006,4635.0,2377258.0,49268.26312,1,6672.034000000001
KWT,Kuwait,2007,5242.0,2503410.0,49588.76428,1,6672.034000000001
KWT,Kuwait,2008,4838.0,2652340.0,47965.00883,1,6672.034000000001
KWT,Kuwait,2009,5750.0,2818939.0,41936.81677,1,6672.034000000001
KWT,Kuwait,2010,8368.0,2998083.0,38497.61696,1,6672.034000000001
KWT,Kuwait,2011,8278.0,3191051.0,39652.17118000001,1,6672.034000000001
KWT,Kuwait,2012,7621.0,3395556.0,39733.28919,1,6672.034000000001
KWT,Kuwait,2013,10613.0,3598385.0,37924.47244,1,6672.034000000001
KWT,Kuwait,2014,11036.0,3782450.0,36259.66868,1,6672.034000000001
KWT,Kuwait,2015,10767.0,3935794.0,35053.59084,1,6672.034000000001
KWT,Kuwait,2016,11123.0,4052584.0,35250.914580000004,1,6672.034000000001
KWT,Kuwait,2017,9465.0,4136528.0,33545.61763,1,6672.034000000001
KWT,Kuwait,2018,9794.0,4137309.0,33537.85153,1,6672.034000000001
MYS,Malaysia,2000,564750.0,23185608.0,7009.655362,1,505.5376
MYS,Malaysia,2001,578719.0,23698907.0,6893.333247,1,505.5376
MYS,Malaysia,2002,548647.0,24198811.0,7114.871167,1,505.5376
MYS,Malaysia,2004,537287.0,25174109.0,7725.904121,1,505.5376
MYS,Malaysia,2005,577987.0,25659393.0,7983.952569,1,505.5376
MYS,Malaysia,2006,634303.0,26143566.0,8273.725282,1,505.5376
MYS,Malaysia,2007,645774.0,26625845.0,8635.566379,1,505.5376
MYS,Malaysia,2008,647480.0,27111069.0,8890.793065,1,505.5376
MYS,Malaysia,2009,764309.0,27605383.0,8599.435523999999,1,505.5376
MYS,Malaysia,2010,1037489.0,28112289.0,9071.356987,1,505.5376
MYS,Malaysia,2011,1140935.0,28635128.0,9377.187567,1,505.5376
MYS,Malaysia,2012,1231687.0,29170456.0,9708.936994,1,505.5376
MYS,Malaysia,2013,1280942.0,29706724.0,9981.15458,1,505.5376
MYS,Malaysia,2014,1233035.0,30228017.0,10398.2269,1,505.5376
MYS,Malaysia,2015,1171077.0,30723155.0,10751.54289,1,505.5376
MYS,Malaysia,2016,1151587.0,31187265.0,11038.86933,1,505.5376
MYS,Malaysia,2017,1168384.0,31624264.0,11528.29686,1,505.5376
MYS,Malaysia,2018,1253992.0,31528585.0,12109.48855,1,505.5376
MUS,Mauritius,2017,13402.0,1264613.0,10199.91192,1,5589.156
MUS,Mauritius,2018,14098.0,1265303.0,10578.61732,1,5589.156
MMR,Myanmar,2000,22091.0,46095462.0,346.7746454,0,2053.155
MMR,Myanmar,2001,21675.0,46627994.0,381.7030096,0,2053.155
MMR,Myanmar,2002,22337.0,47140220.0,422.9583997,0,2053.155
MMR,Myanmar,2004,29933.0,48073707.0,536.2101036,0,2053.155
MMR,Myanmar,2005,37871.0,48482614.0,603.8320887,0,2053.155
MMR,Myanmar,2006,46658.0,48846474.0,677.7036471,0,2053.155
MMR,Myanmar,2007,64728.0,49171586.0,753.9518937000001,0,2053.155
MMR,Myanmar,2008,78582.0,49479752.0,826.0946985,0,2053.155
MMR,Myanmar,2009,70272.0,49800690.0,907.3623858,0,2053.155
MMR,Myanmar,2010,78338.0,50155896.0,987.7365832,0,2053.155
MMR,Myanmar,2011,94184.0,50553031.0,1034.77236,0,2053.155
MMR,Myanmar,2012,93046.0,50986514.0,1101.206165,0,2053.155
MMR,Myanmar,2013,99367.0,51448196.0,1183.279235,0,2053.155
MMR,Myanmar,2014,112764.0,51924182.0,1266.120248,0,2053.155
MMR,Myanmar,2015,105452.0,52403669.0,1342.263064,0,2053.155
MMR,Myanmar,2016,113616.0,52885223.0,1408.014182,0,2053.155
MMR,Myanmar,2017,145721.0,53370609.0,1489.505798,0,2053.155
MMR,Myanmar,2018,145603.0,53708395.0,1571.907217,0,2053.155
NLD,Netherlands,2000,77326.0,15925513.0,46133.17635,0,10496.78
NLD,Netherlands,2001,74989.0,16046180.0,46758.87675,0,10496.78
NLD,Netherlands,2002,71648.0,16148929.0,46509.51714,0,10496.78
NLD,Netherlands,2004,61399.0,16281779.0,47200.42469,0,10496.78
NLD,Netherlands,2005,66480.0,16319868.0,48107.58549,0,10496.78
NLD,Netherlands,2006,68174.0,16346101.0,49720.39486,0,10496.78
NLD,Netherlands,2007,70351.0,16381696.0,51447.25959,0,10496.78
NLD,Netherlands,2008,73230.0,16445593.0,52118.09256000001,0,10496.78
NLD,Netherlands,2009,76359.0,16530388.0,49897.22517,0,10496.78
NLD,Netherlands,2010,76520.0,16615394.0,50950.03434,0,10496.78
NLD,Netherlands,2011,81090.0,16693074.0,51499.59579,0,10496.78
NLD,Netherlands,2012,81603.0,16754962.0,50780.70297,0,10496.78
NLD,Netherlands,2013,82926.0,16804432.0,50565.30207,0,10496.78
NLD,Netherlands,2014,81811.0,16865008.0,51100.83982,0,10496.78
NLD,Netherlands,2015,79052.0,16939923.0,51871.5765,0,10496.78
NLD,Netherlands,2016,82245.0,17030314.0,52727.10247,0,10496.78
NLD,Netherlands,2017,86911.0,17131296.0,53920.03335,0,10496.78
NLD,Netherlands,2018,98328.0,17231017.0,55041.12039,0,10496.78
NZL,New Zealand,2000,94274.0,3857700.0,28972.97624,1,8461.287
NZL,New Zealand,2001,94283.0,3880500.0,29896.57091,1,8461.287
NZL,New Zealand,2002,94102.0,3948500.0,30868.588160000007,1,8461.287
NZL,New Zealand,2004,109063.0,4087500.0,32191.957260000006,1,8461.287
NZL,New Zealand,2005,119489.0,4133900.0,32887.05461,1,8461.287
NZL,New Zealand,2006,120065.0,4184600.0,33324.503260000005,1,8461.287
NZL,New Zealand,2007,116728.0,4223800.0,34256.7377,1,8461.287
NZL,New Zealand,2008,110772.0,4259800.0,33442.258030000005,1,8461.287
NZL,New Zealand,2009,93834.0,4302600.0,33743.99323,1,8461.287
NZL,New Zealand,2010,95790.0,4350700.0,33692.01083,1,8461.287
NZL,New Zealand,2011,122995.0,4384000.0,34337.46265,1,8461.287
NZL,New Zealand,2012,123701.0,4408100.0,35003.27667,1,8461.287
NZL,New Zealand,2013,120447.0,4442100.0,35436.32332,1,8461.287
NZL,New Zealand,2014,118688.0,4509700.0,36142.52008,1,8461.287
NZL,New Zealand,2015,127618.0,4595700.0,37038.85488,1,8461.287
NZL,New Zealand,2016,121100.0,4693200.0,37528.45833,1,8461.287
NZL,New Zealand,2017,131238.0,4793900.0,37776.00974,1,8461.287
NZL,New Zealand,2018,137676.0,4885500.0,38000.7196,1,8461.287
NOR,Norway,2000,23914.0,4490967.0,81709.66294,0,10124.02
NOR,Norway,2001,23138.0,4513751.0,82992.53186,0,10124.02
NOR,Norway,2002,22817.0,4538159.0,83732.93894,0,10124.02
NOR,Norway,2004,22882.0,4591910.0,86820.34131,0,10124.02
NOR,Norway,2005,23591.0,4623291.0,88494.36433,0,10124.02
NOR,Norway,2006,26140.0,4660677.0,89887.01952,0,10124.02
NOR,Norway,2007,29176.0,4709153.0,91617.27915,0,10124.02
NOR,Norway,2008,32816.0,4768212.0,90917.54176,0,10124.02
NOR,Norway,2009,30354.0,4828726.0,88259.96772,0,10124.02
NOR,Norway,2010,31765.0,4889252.0,87770.26684,0,10124.02
NOR,Norway,2011,32450.0,4953088.0,87481.14835,0,10124.02
NOR,Norway,2012,36803.0,5018573.0,88689.49096,0,10124.02
NOR,Norway,2013,35927.0,5079623.0,88538.69765,0,10124.02
NOR,Norway,2014,33508.0,5137232.0,89274.95614,0,10124.02
NOR,Norway,2015,31650.0,5188607.0,90132.34952,0,10124.02
NOR,Norway,2016,29250.0,5234519.0,90402.60219,0,10124.02
NOR,Norway,2017,28993.0,5276968.0,91451.35052,0,10124.02
NOR,Norway,2018,33961.0,5314336.0,92121.42113,0,10124.02
PAK,Pakistan,2000,42495.0,138523285.0,848.6317831,1,4708.465
PAK,Pakistan,2001,40842.0,141601437.0,846.6423731000001,1,4708.465
PAK,Pakistan,2002,10569.0,144654143.0,855.4985498,1,4708.465
PAK,Pakistan,2004,14311.0,150780300.0,923.923304,1,4708.465
PAK,Pakistan,2005,15945.0,153909667.0,974.5372983,1,4708.465
PAK,Pakistan,2006,20526.0,157093993.0,1013.765372,1,4708.465
PAK,Pakistan,2007,22871.0,160332974.0,1041.289383,1,4708.465
PAK,Pakistan,2008,22998.0,163644603.0,1037.5751369999996,1,4708.465
PAK,Pakistan,2009,22280.0,167049580.0,1045.207929,1,4708.465
PAK,Pakistan,2010,21927.0,170560182.0,1040.142268,1,4708.465
PAK,Pakistan,2011,20928.0,174184265.0,1046.4935449999996,1,4708.465
PAK,Pakistan,2012,21206.0,177911533.0,1060.50137,1,4708.465
PAK,Pakistan,2013,20248.0,181712595.0,1083.967007,1,4708.465
PAK,Pakistan,2014,17675.0,185546257.0,1111.195962,1,4708.465
PAK,Pakistan,2015,18948.0,189380513.0,1140.206271,1,4708.465
PAK,Pakistan,2016,22213.0,193203476.0,1179.414012,1,4708.465
PAK,Pakistan,2017,23506.0,197015955.0,1222.523906,1,4708.465
PAK,Pakistan,2018,25326.0,212215030.0,1196.594136,1,4708.465
PHL,Philippines,2000,181032.0,77991569.0,1607.201616,1,2406.19
PHL,Philippines,2001,190630.0,79665315.0,1618.969757,1,2406.19
PHL,Philippines,2002,195559.0,81352060.0,1643.204441,1,2406.19
PHL,Philippines,2004,245895.0,84678493.0,1768.106838,1,2406.19
PHL,Philippines,2005,319971.0,86274237.0,1818.315432,1,2406.19
PHL,Philippines,2006,386119.0,87809419.0,1880.192448,1,2406.19
PHL,Philippines,2007,418775.0,89293490.0,1971.28171,1,2406.19
PHL,Philippines,2008,418938.0,90751864.0,2020.15041,1,2406.19
PHL,Philippines,2009,432072.0,92220879.0,2010.799316,1,2406.19
PHL,Philippines,2010,544449.0,93726624.0,2129.499247,1,2406.19
PHL,Philippines,2011,677723.0,95277940.0,2171.492182,1,2406.19
PHL,Philippines,2012,656804.0,96866642.0,2278.635911,1,2406.19
PHL,Philippines,2013,687794.0,98481032.0,2399.60719,1,2406.19
PHL,Philippines,2014,676481.0,100102249.0,2505.818865,1,2406.19
PHL,Philippines,2015,673374.0,101716359.0,2615.659102,1,2406.19
PHL,Philippines,2016,691643.0,103320222.0,2752.109121,1,2406.19
PHL,Philippines,2017,736500.0,104918090.0,2891.35889,1,2406.19
PHL,Philippines,2018,778135.0,106651922.0,3021.986863,1,2406.19
IRL,Rep Of Ireland,2017,20607.0,4811321.0,74498.38627,1,11265.83
IRL,Rep Of Ireland,2018,22677.0,4853506.0,78764.62727000001,1,11265.83
RUS,Russian Federation,2017,80134.0,144496740.0,11452.29133,0,7858.916
RUS,Russian Federation,2018,84525.0,144478050.0,11729.09437,0,7858.916
SAU,Saudi Arabia,2000,24751.0,20764312.0,18263.23008,0,6978.26
SAU,Saudi Arabia,2001,25113.0,21303592.0,17585.39045,0,6978.26
SAU,Saudi Arabia,2002,6752.0,21906308.0,16619.43466,0,6978.26
SAU,Saudi Arabia,2004,7287.0,23228890.0,18822.73004,0,6978.26
SAU,Saudi Arabia,2005,6993.0,23905654.0,19309.31207,0,6978.26
SAU,Saudi Arabia,2006,9549.0,24578301.0,19304.55023,0,6978.26
SAU,Saudi Arabia,2007,10555.0,25252569.0,19136.15923,0,6978.26
SAU,Saudi Arabia,2008,10096.0,25940770.0,19792.72038,0,6978.26
SAU,Saudi Arabia,2009,10815.0,26661492.0,18861.11,0,6978.26
SAU,Saudi Arabia,2010,12633.0,27425676.0,19259.58726,0,6978.26
SAU,Saudi Arabia,2011,17041.0,28238020.0,20575.49795,0,6978.26
SAU,Saudi Arabia,2012,17969.0,29086357.0,21056.34715,0,6978.26
SAU,Saudi Arabia,2013,19896.0,29944476.0,21005.01212,0,6978.26
SAU,Saudi Arabia,2014,25778.0,30776722.0,21183.46489,0,6978.26
SAU,Saudi Arabia,2015,16091.0,31557144.0,21507.95569,0,6978.26
SAU,Saudi Arabia,2016,14520.0,32275687.0,21380.45272,0,6978.26
SAU,Saudi Arabia,2017,10990.0,32938213.0,20770.93861,0,6978.26
SAU,Saudi Arabia,2018,11929.0,33699947.0,20775.20181,0,6978.26
ZAF,South Africa (Rep Of),2017,34626.0,56717156.0,7525.293184999998,1,8844.282
ZAF,South Africa (Rep Of),2018,38408.0,57779622.0,7432.868382,1,8844.282
KOR,South Korea,2000,354353.0,47008111.0,15104.521519999998,1,4632.103
KOR,South Korea,2001,359083.0,47370164.0,15667.37846,1,4632.103
KOR,South Korea,2002,371018.0,47644736.0,16734.84566,1,4632.103
KOR,South Korea,2004,361079.0,48082519.0,17905.22579,1,4632.103
KOR,South Korea,2005,364073.0,48184561.0,18568.36281,1,4632.103
KOR,South Korea,2006,454722.0,48438292.0,19427.18984,1,4632.103
KOR,South Korea,2007,464292.0,48683638.0,20385.32004,1,4632.103
KOR,South Korea,2008,423018.0,49054708.0,20803.50054,1,4632.103
KOR,South Korea,2009,271987.0,49307835.0,20843.1348,1,4632.103
KOR,South Korea,2010,360703.0,49554112.0,22086.95292,1,4632.103
KOR,South Korea,2011,414879.0,49936638.0,22724.70557,1,4632.103
KOR,South Korea,2012,445184.0,50199853.0,23123.76136,1,4632.103
KOR,South Korea,2013,471768.0,50428893.0,23685.40671,1,4632.103
KOR,South Korea,2014,536975.0,50746659.0,24323.57284,1,4632.103
KOR,South Korea,2015,577082.0,51014947.0,24870.7709,1,4632.103
KOR,South Korea,2016,566510.0,51245707.0,25484.03759,1,4632.103
KOR,South Korea,2017,631363.0,51466201.0,26152.03077,1,4632.103
KOR,South Korea,2018,629451.0,51635256.0,26761.94138,1,4632.103
ESP,Spain,2000,15117.0,40567864.0,28335.00183,0,11336.64
ESP,Spain,2001,15268.0,40850412.0,29264.88145,0,11336.64
ESP,Spain,2002,17324.0,41431558.0,29685.36395,0,11336.64
ESP,Spain,2004,16632.0,42921895.0,30504.35743,0,11336.64
ESP,Spain,2005,17181.0,43653155.0,31110.01413,0,11336.64
ESP,Spain,2006,21232.0,44397319.0,31865.36917,0,11336.64
ESP,Spain,2007,24950.0,45226803.0,32459.917380000006,0,11336.64
ESP,Spain,2008,29966.0,45954106.0,32303.24148,0,11336.64
ESP,Spain,2009,30871.0,46362946.0,30874.126010000004,0,11336.64
ESP,Spain,2010,33765.0,46576897.0,30736.62785,0,11336.64
ESP,Spain,2011,34977.0,46742697.0,30321.70487,0,11336.64
ESP,Spain,2012,37778.0,46773055.0,29414.85692,0,11336.64
ESP,Spain,2013,39507.0,46620045.0,29008.02098,0,11336.64
ESP,Spain,2014,44215.0,46480882.0,29496.378930000006,0,11336.64
ESP,Spain,2015,48074.0,46444832.0,30595.15683,0,11336.64
ESP,Spain,2016,49491.0,46483569.0,31539.51029,0,11336.64
ESP,Spain,2017,60636.0,46593171.0,32402.728560000003,0,11336.64
ESP,Spain,2018,66883.0,46723749.0,33146.39167,0,11336.64
LKA,Sri Lanka,2000,63170.0,18781938.0,1824.721072,0,2719.677
LKA,Sri Lanka,2001,56248.0,18913054.0,1784.067178,0,2719.677
LKA,Sri Lanka,2002,54689.0,19059300.0,1840.56739,0,2719.677
LKA,Sri Lanka,2004,73204.0,19372538.0,2022.830359,0,2719.677
LKA,Sri Lanka,2005,68024.0,19524558.0,2132.357319,0,2719.677
LKA,Sri Lanka,2006,73282.0,19670151.0,2278.87929,0,2719.677
LKA,Sri Lanka,2007,79405.0,19810789.0,2416.493266,0,2719.677
LKA,Sri Lanka,2008,79818.0,19945832.0,2542.942424,0,2719.677
LKA,Sri Lanka,2009,70010.0,20075086.0,2615.982695,0,2719.677
LKA,Sri Lanka,2010,78973.0,20198353.0,2808.434392,0,2719.677
LKA,Sri Lanka,2011,83991.0,20315017.0,3026.992151000001,0,2719.677
LKA,Sri Lanka,2012,83359.0,20425000.0,3286.007594,0,2719.677
LKA,Sri Lanka,2013,95606.0,20585000.0,3371.183337,0,2719.677
LKA,Sri Lanka,2014,88806.0,20778000.0,3505.5504520000004,0,2719.677
LKA,Sri Lanka,2015,93052.0,20966000.0,3648.08929,0,2719.677
LKA,Sri Lanka,2016,101905.0,21203000.0,3768.516812,0,2719.677
LKA,Sri Lanka,2017,107789.0,21444000.0,3849.455356,0,2719.677
LKA,Sri Lanka,2018,113800.0,21670000.0,3936.450246,0,2719.677
SWE,Sweden,2000,42415.0,8872109.0,44693.7366,0,9782.643
SWE,Sweden,2001,38439.0,8895960.0,45270.78107,0,9782.643
SWE,Sweden,2002,36409.0,8924958.0,46059.36679,0,9782.643
SWE,Sweden,2004,35659.0,8993531.0,48820.60609,0,9782.643
SWE,Sweden,2005,33607.0,9029572.0,49996.17522,0,9782.643
SWE,Sweden,2006,35524.0,9080505.0,52046.48151000001,0,9782.643
SWE,Sweden,2007,37620.0,9148092.0,53421.02024,0,9782.643
SWE,Sweden,2008,35163.0,9219637.0,52711.19827,0,9782.643
SWE,Sweden,2009,31924.0,9298515.0,49554.34343,0,9782.643
SWE,Sweden,2010,35084.0,9378126.0,52132.91853,0,9782.643
SWE,Sweden,2011,37368.0,9449213.0,53126.97133,0,9782.643
SWE,Sweden,2012,43248.0,9519374.0,52577.98589,0,9782.643
SWE,Sweden,2013,45256.0,9600379.0,52779.95467,0,9782.643
SWE,Sweden,2014,44056.0,9696110.0,53618.57551,0,9782.643
SWE,Sweden,2015,42562.0,9799186.0,55418.98428,0,9782.643
SWE,Sweden,2016,43765.0,9923085.0,56195.88137999999,0,9782.643
SWE,Sweden,2017,48011.0,10057698.0,56610.68499,0,9782.643
SWE,Sweden,2018,53421.0,10183175.0,57232.08549,0,9782.643
CHE,Switzerland,2000,48323.0,7184250.0,67807.92681,0,10375.44
CHE,Switzerland,2001,46519.0,7229854.0,68264.52626,0,10375.44
CHE,Switzerland,2002,45230.0,7284753.0,67860.24483,0,10375.44
CHE,Switzerland,2004,44235.0,7389625.0,68781.61259,0,10375.44
CHE,Switzerland,2005,47103.0,7437115.0,70471.43852000001,0,10375.44
CHE,Switzerland,2006,51880.0,7483934.0,72823.83726,0,10375.44
CHE,Switzerland,2007,55103.0,7551117.0,75143.70222,0,10375.44
CHE,Switzerland,2008,64788.0,7647675.0,75793.63304,0,10375.44
CHE,Switzerland,2009,63829.0,7743831.0,73189.19255,0,10375.44
CHE,Switzerland,2010,74376.0,7824909.0,74605.72102000001,0,10375.44
CHE,Switzerland,2011,79023.0,7912398.0,75029.75782,0,10375.44
CHE,Switzerland,2012,83857.0,7996861.0,74984.13712,0,10375.44
CHE,Switzerland,2013,94380.0,8089346.0,75499.70674,0,10375.44
CHE,Switzerland,2014,103444.0,8188649.0,76410.85666,0,10375.44
CHE,Switzerland,2015,100849.0,8282396.0,76553.28214,0,10375.44
CHE,Switzerland,2016,101455.0,8373338.0,76934.32049,0,10375.44
CHE,Switzerland,2017,104759.0,8450851.0,77461.04537,0,10375.44
CHE,Switzerland,2018,102376.0,8516543.0,78816.21505,0,10375.44
THA,Thailand,2000,246750.0,62958021.0,3458.053931000001,0,1435.705
THA,Thailand,2001,260958.0,63543322.0,3544.208344,0,1435.705
THA,Thailand,2002,263865.0,64073164.0,3731.027107,0,1435.705
THA,Thailand,2004,341965.0,65002231.0,4190.032276,0,1435.705
THA,Thailand,2005,379040.0,65425470.0,4337.263357,0,1435.705
THA,Thailand,2006,356367.0,65824164.0,4525.159282,0,1435.705
THA,Thailand,2007,353416.0,66195615.0,4744.333227,0,1435.705
THA,Thailand,2008,333905.0,66545760.0,4800.8105369999985,0,1435.705
THA,Thailand,2009,317905.0,66881867.0,4743.690472,0,1435.705
THA,Thailand,2010,430067.0,67208808.0,5075.302176,0,1435.705
THA,Thailand,2011,472708.0,67530130.0,5093.5805,0,1435.705
THA,Thailand,2012,477654.0,67843979.0,5437.227931,0,1435.705
THA,Thailand,2013,497409.0,68143065.0,5558.8410939999985,0,1435.705
THA,Thailand,2014,506509.0,68416772.0,5591.10558,0,1435.705
THA,Thailand,2015,516409.0,68657600.0,5739.762652,0,1435.705
THA,Thailand,2016,546556.0,68863514.0,5910.454567,0,1435.705
THA,Thailand,2017,531335.0,69037513.0,6126.244256,0,1435.705
THA,Thailand,2018,545601.0,69428524.0,6361.62499,0,1435.705
USA,USA,2000,385585.0,282162411.0,45055.81792,1,15122.62
USA,USA,2001,343808.0,284968955.0,45047.4872,1,15122.62
USA,USA,2002,327651.0,287625193.0,45428.64568,1,15122.62
USA,USA,2004,333145.0,292805298.0,47614.27986,1,15122.62
USA,USA,2005,371355.0,295516599.0,48755.61606,1,15122.62
USA,USA,2006,399786.0,298379912.0,49575.40101,1,15122.62
USA,USA,2007,408885.0,301231207.0,49979.53384,1,15122.62
USA,USA,2008,396631.0,304093966.0,49364.64455,1,15122.62
USA,USA,2009,370704.0,306771529.0,47575.60856,1,15122.62
USA,USA,2010,417195.0,309326085.0,48466.82102,1,15122.62
USA,USA,2011,440576.0,311580009.0,48862.42257,1,15122.62
USA,USA,2012,477213.0,313874218.0,49596.41951,1,15122.62
USA,USA,2013,491946.0,316057727.0,50161.07339,1,15122.62
USA,USA,2014,484912.0,318386421.0,51015.133,1,15122.62
USA,USA,2015,499509.0,320742673.0,52099.26723,1,15122.62
USA,USA,2016,516458.0,323071342.0,52534.36274,1,15122.62
USA,USA,2017,565430.0,325147121.0,53356.23365,1,15122.62
USA,USA,2018,643162.0,327167434.0,54541.72316,1,15122.62
ARE,United Arab Emirates,2000,21017.0,3154925.0,62833.25107000001,0,5843.977
ARE,United Arab Emirates,2001,21619.0,3326032.0,60434.67397999999,0,5843.977
ARE,United Arab Emirates,2002,20780.0,3507232.0,58707.00717,0,5843.977
ARE,United Arab Emirates,2004,25158.0,4087931.0,60042.59735,0,5843.977
ARE,United Arab Emirates,2005,28062.0,4579562.0,56199.02927000001,0,5843.977
ARE,United Arab Emirates,2006,34013.0,5242032.0,53926.5971,0,5843.977
ARE,United Arab Emirates,2007,41054.0,6044067.0,48260.01091000001,0,5843.977
ARE,United Arab Emirates,2008,51170.0,6894278.0,43658.94478,0,5843.977
ARE,United Arab Emirates,2009,49529.0,7666393.0,37203.39799,0,5843.977
ARE,United Arab Emirates,2010,56476.0,8270684.0,35037.89267,0,5843.977
ARE,United Arab Emirates,2011,62736.0,8672475.0,35730.32935,0,5843.977
ARE,United Arab Emirates,2012,65552.0,8900453.0,36376.45368,0,5843.977
ARE,United Arab Emirates,2013,72553.0,9006263.0,37765.71684,0,5843.977
ARE,United Arab Emirates,2014,75742.0,9070867.0,39146.11209,0,5843.977
ARE,United Arab Emirates,2015,78693.0,9154302.0,40753.88634,0,5843.977
ARE,United Arab Emirates,2016,80234.0,9269612.0,41449.68142,0,5843.977
ARE,United Arab Emirates,2017,79007.0,9400145.0,41197.16878,0,5843.977
ARE,United Arab Emirates,2018,76263.0,9630959.0,40782.36811,0,5843.977
GBR,United Kingdom,2000,444976.0,58892514.0,35576.76685,1,10917.7
GBR,United Kingdom,2001,460018.0,59119673.0,36341.70975,1,10917.7
GBR,United Kingdom,2002,458509.0,59370479.0,37077.64835,1,10917.7
GBR,United Kingdom,2004,457252.0,59987905.0,38813.02169,1,10917.7
GBR,United Kingdom,2005,467079.0,60401206.0,39740.90292,1,10917.7
GBR,United Kingdom,2006,488167.0,60846820.0,40418.7473,1,10917.7
GBR,United Kingdom,2007,495693.0,61322463.0,41050.40593,1,10917.7
GBR,United Kingdom,2008,492933.0,61806995.0,40536.13486000001,1,10917.7
GBR,United Kingdom,2009,469756.0,62276270.0,38545.91582,1,10917.7
GBR,United Kingdom,2010,461769.0,62766365.0,39079.84261,1,10917.7
GBR,United Kingdom,2011,442611.0,63258918.0,39413.32388,1,10917.7
GBR,United Kingdom,2012,446497.0,63700300.0,39706.61008,1,10917.7
GBR,United Kingdom,2013,461459.0,64128226.0,40248.76511,1,10917.7
GBR,United Kingdom,2014,451931.0,64613160.0,41124.1434,1,10917.7
GBR,United Kingdom,2015,473810.0,65128861.0,41756.92237,1,10917.7
GBR,United Kingdom,2016,489224.0,65595565.0,42201.64143,1,10917.7
GBR,United Kingdom,2017,518930.0,66023290.0,42692.56407,1,10917.7
GBR,United Kingdom,2018,588863.0,66488991.0,42986.03288,1,10917.7
VNM,Vietnam,2000,31837.0,80285562.0,761.6101712000002,0,1480.8310000000001
VNM,Vietnam,2001,34633.0,81139919.0,800.2599286000002,0,1480.8310000000001
VNM,Vietnam,2002,40648.0,81956496.0,842.3655167999998,0,1480.8310000000001
VNM,Vietnam,2004,105807.0,83527678.0,950.1299117,0,1480.8310000000001
VNM,Vietnam,2005,150626.0,84308843.0,1012.370707,0,1480.8310000000001
VNM,Vietnam,2006,165105.0,85094617.0,1073.0128,0,1480.8310000000001
VNM,Vietnam,2007,203210.0,85889590.0,1138.873683,0,1480.8310000000001
VNM,Vietnam,2008,239299.0,86707801.0,1191.998753,0,1480.8310000000001
VNM,Vietnam,2009,265414.0,87565407.0,1244.037152,0,1480.8310000000001
VNM,Vietnam,2010,322880.0,88472512.0,1310.370273,0,1480.8310000000001
VNM,Vietnam,2011,332231.0,89436644.0,1377.133984,0,1480.8310000000001
VNM,Vietnam,2012,366234.0,90451881.0,1433.129144,0,1480.8310000000001
VNM,Vietnam,2013,380495.0,91497725.0,1493.56251,0,1480.8310000000001
VNM,Vietnam,2014,424408.0,92544915.0,1565.020497,0,1480.8310000000001
VNM,Vietnam,2015,418266.0,93571567.0,1651.234675,0,1480.8310000000001
VNM,Vietnam,2016,469429.0,94569072.0,1735.2909539999996,0,1480.8310000000001
VNM,Vietnam,2017,531359.0,95540800.0,1834.651595,0,1480.8310000000001
VNM,Vietnam,2018,591600.0,95540395.0,1964.475991,0,1480.8310000000001
