country,country_code,2000,2001,2002,2003,2004,2005,2006,2007,2008,2009,2010,2011,2012,2013,2014,2015,2016,2017,2018
Aruba,ABW,28417.38421,26966.05479,25508.30252,25469.28741,27005.52953,26979.88536,27046.76042,27428.1202,27367.281,24464.17452,23512.6026,24231.3389,23777.31605,24629.07998,24692.49718,24452.60657,24288.9871,24508.80914,
Afghanistan,AFG,,,339.6333385,352.243953,341.6124563,365.5487336,372.8967347,412.919585,418.4788158,495.1089285,550.514974,536.0124857,584.9073757,597.5252237,594.5741097,585.7082884,583.0551074,583.8696345,563.8256627
Angola,AGO,2189.560753,2208.791536,2426.431783,2412.392521,2582.646476,2866.434694,3085.424833,3394.512335,3641.447502,3544.026552,3585.905553,3580.26991,3750.209097,3799.429617,3846.240911,3751.694465,3533.86516,3413.656438,3229.61974
Albania,ALB,2244.564836,2453.557464,2572.652201,2725.096745,2887.291291,3062.592504,3263.8124,3485.227628,3775.479709,3928.342143,4094.360204,4210.077005,4276.917643,4327.608232,4413.335122,4524.467508,4683.519217,4867.632465,5075.354985
Andorra,AND,40801.54213,41420.84618,42396.3024,45519.49238,47032.86689,48831.92936,49708.40049,48710.66462,43900.9517,41979.8659,39736.35406,38205.77109,38190.58659,39104.30185,40785.04923,41765.92035,42958.55839,43942.93819,44569.78301
Arab World,ARB,4817.939379,4794.021529,4721.509447,4867.32458,5206.299338,5380.295656,5596.932194,5713.713358,5900.808326,5784.449651,5918.315891,5992.13389,6247.112068,6303.193677,6319.937178,6393.309536,6468.113066,6405.275291,6458.734486
United Arab Emirates,ARE,62833.25107,60434.67398,58707.00717,59867.28994,60042.59735,56199.02927,53926.5971,48260.01091,43658.94478,37203.39799,35037.89267,35730.32935,36376.45368,37765.71684,39146.11209,40753.88634,41449.68142,41197.16878,40782.36811
Argentina,ARG,8182.686502,7735.493364,6816.734855,7337.792038,7913.743124,8522.522732,9112.113163,9830.68092,10125.12627,9428.502541,10276.2605,10780.01566,10557.88539,10699.19772,10323.20694,10498.59253,10206.24955,10397.13652,10040.13074
Armenia,ARM,1404.321462,1548.075851,1761.888272,2019.984867,2244.220171,2571.985756,2933.833478,3366.162187,3629.157702,3136.811727,3218.381655,3371.672831,3606.480554,3710.575743,3827.343195,3935.288772,3932.554617,4219.368549,4406.706434
American Samoa,ASM,,,10613.91154,10630.45365,10661.17354,10644.58107,10282.45659,10619.61365,10500.38584,10199.06015,10352.82276,10442.7265,10000.31107,9711.112717,9779.883487,9884.111866,9614.472672,9090.371432,
Antigua and Barbuda,ATG,11981.91638,11191.10252,11147.2635,11683.46246,12218.7448,12857.16429,14325.48113,15466.95293,15278.87422,13270.69711,12174.6978,11789.79905,12069.81147,11928.22729,12351.16122,12713.63189,13286.00977,13548.1575,15061.58636
Australia,AUS,44313.31823,44564.97656,45786.64281,46575.41533,47880.61166,48760.35517,49408.05274,50955.05595,51770.90715,51689.91356,51936.88871,52475.66325,53574.4588,54050.20929,54612.31183,55097.61397,55777.3462,55919.27804,56919.37428
Austria,AUT,42001.21116,42370.9316,42859.3294,43052.60307,43956.58266,44637.85641,45951.73469,47510.29379,48053.48308,46123.49069,46858.04327,48065.31671,48172.2377,47901.36543,47842.74907,47850.16763,48300.9486,49190.17341,50250.04506
Azerbaijan,AZE,1633.394435,1781.246395,1955.41315,2158.007171,2357.396026,2949.442818,3923.658154,4851.176909,5262.101356,5639.001689,5842.805784,5770.969703,5820.079847,6078.320649,6122.980489,6117.030862,5861.511962,5810.080724,5768.992405
Burundi,BDI,228.4242067,227.6041149,231.1749193,221.3986877,224.689303,219.356176,223.6383216,223.6584338,226.7443485,227.715156,231.7955369,233.7680448,236.9269316,241.3308421,244.1488627,227.5536878,219.2065851,213.4056032,210.7835697
Belgium,BEL,40170.41893,40357.37076,40892.21772,41036.79826,42344.69483,42994.36365,43782.13955,44960.79786,44956.36733,43591.27188,44380.17663,44594.30446,44422.65325,44302.48427,44659.63942,45163.84324,45604.70604,46169.06247,46683.15741
Benin,BEN,694.2437489,709.4693622,720.168277,722.6671953,732.3354225,723.1999594,730.2752556,752.2152147,767.0318188,763.154718,757.6959074,758.5775214,773.1827226,805.9671602,833.6408777,827.8354579,837.1990377,862.0184142,896.3243679
Burkina Faso,BFA,434.7633304,450.4522807,456.7341349,478.3043523,485.3074043,511.9675905,527.9623495,541.268695,563.4470651,562.8419354,575.4464527,595.3932481,615.0970843,631.6121844,639.7095507,645.3698606,664.021672,685.7539847,709.7551881
Bangladesh,BGD,509.2934347,525.0721107,535.2467234,550.8628057,570.336736,598.6174259,630.0483969,666.4014472,698.564892,725.76626,757.6717572,797.4116804,839.5136872,879.5820848,922.1609594,971.641988,1029.578212,1093.049274,1203.216265
Bulgaria,BGR,3955.275802,4186.920419,4532.853869,4804.484362,5152.414008,5561.163843,5988.770951,6476.054203,6914.398435,6709.527315,6843.26695,7019.174046,7062.134977,7136.845978,7309.415115,7611.550878,7966.882009,8331.152273,8651.094801
Bahrain,BHR,22955.09349,22416.08185,22038.3312,22058.76333,22144.47339,22066.07113,21796.01514,21838.07457,21563.65067,20797.00522,20722.10389,20514.75639,20921.19971,21799.65217,22390.68285,22436.20753,22346.4741,22148.75369,21438.59108
"Bahamas, The",BHS,31587.59103,31856.08584,32080.35346,31013.63921,30629.72917,31023.04722,31180.61512,31031.231,29758.2498,28019.14864,27979.11493,27710.10196,28145.35866,27643.39521,27246.48486,27198.9076,26439.05364,26538.94563,
Bosnia and Herzegovina,BIH,3002.820841,3131.139402,3293.140249,3421.748431,3628.515312,3946.092691,4162.13271,4412.233389,4664.528494,4545.039868,4614.829041,4701.039103,4714.379267,4882.96142,4993.109884,5190.464952,5382.801279,5569.827593,6056.244945
Belarus,BLR,2879.380069,3030.94753,3204.198984,3453.963668,3875.783061,4269.166024,4724.924542,5154.86716,5700.319385,5724.468852,6181.399916,6525.851369,6642.035132,6707.62153,6817.289219,6545.780527,6372.401795,6528.982254,6744.49867
Belize,BLZ,3837.257503,3908.519,3995.465723,4255.779646,4341.336362,4340.257434,4422.489853,4356.605466,4383.316294,4303.585556,4342.963173,4334.666441,4362.500455,4304.049258,4367.631333,4422.042725,4304.202826,4276.025804,4309.919986
Bermuda,BMU,79988.35001,84844.73838,83048.80311,85321.24327,86733.37007,87616.38597,91944.87381,94029.60803,94903.19153,89391.21118,88207.32756,86001.17117,81547.85524,79251.78166,,,,,
Bolivia,BOL,1616.546836,1613.418488,1623.526499,1637.816291,1676.23591,1720.107203,1771.955315,1821.805875,1901.908837,1933.749288,1981.170116,2051.162036,2122.394647,2231.487842,2317.268194,2392.995341,2457.637637,2522.805905,2559.511317
Brazil,BRA,8778.180189,8776.8583,8924.341711,8910.848111,9309.008148,9495.104539,9761.884071,10245.23865,10658.21857,10540.10854,11224.15408,11559.21201,11671.18562,11912.14455,11866.38601,11348.4388,10883.97406,10913.81047,11026.24216
Barbados,BRB,15277.41514,14868.04232,14943.42832,15222.62773,15389.70929,15947.87261,16788.78322,17016.24921,16965.39638,16224.03629,16203.15557,16249.67398,16238.41632,16186.76926,16139.65127,16237.90596,16518.55298,16641.52101,
Brunei Darussalam,BRN,35923.40183,36162.97793,36832.26623,37202.35794,36752.04732,36325.12073,37401.05316,36997.80726,35860.38878,34812.71469,35268.10117,36092.09698,35899.03737,34618.97291,33313.83278,32661.85702,31430.96259,31439.92372,31436.94859
Bhutan,BTN,1201.105785,1263.967767,1360.792252,1425.055174,1469.37315,1534.820745,1601.915802,1848.566255,1898.052794,1986.135618,2178.921383,2310.003655,2387.005674,2399.918916,2500.260145,2629.351266,2803.328162,2897.341762,3172.773862
Botswana,BWA,4954.77429,4891.914844,5115.899886,5280.215175,5349.002024,5512.811229,5883.899059,6270.474082,6552.776641,5948.853248,6346.156204,6610.331922,6779.393897,7409.421155,7574.282097,7308.760256,7485.04212,7523.279466,8031.014943
Central African Republic,CAF,411.9383943,421.659424,428.4774575,397.8115393,414.0304521,410.4150553,422.4389078,434.2507044,436.0739488,437.6016173,446.4436878,458.333018,475.6676415,300.4797421,302.5465308,314.9266856,325.7204657,335.0260856,384.7800008
Canada,CAN,43638.28315,43964.95459,44883.8284,45239.81139,46170.9202,47181.56239,48035.03579,48552.69643,48510.56777,46543.7922,47447.47602,48456.96457,48724.2458,49359.42247,50221.84198,50303.83685,50407.34133,51315.88897,51357.75398
Central Europe and the Baltics,CEB,8495.61426,8818.295682,9183.275426,9621.61629,10185.74889,10716.83721,11450.00932,12227.7904,12732.67367,12310.4558,12566.58767,13000.38383,13127.05932,13331.08757,13766.50778,14326.56848,14814.77181,15558.64231,16258.32578
Switzerland,CHE,67807.92681,68264.52626,67860.24483,67385.29767,68781.61259,70471.43852,72823.83726,75143.70222,75793.63304,73189.19255,74605.72102,75029.75782,74984.13712,75499.70674,76410.85666,76553.28214,76934.32049,77461.04537,78816.21505
Channel Islands,CHI,,,,,,,,,,,,,,,,,,,
Chile,CHL,9469.110468,9666.476055,9852.833928,10141.73198,10754.3066,11249.8679,11833.95202,12285.04838,12588.69122,12268.44115,12860.17764,13518.76508,14109.14333,14551.04442,14681.33076,14893.88065,14958.56225,15059.53014,15130.15432
China,CHN,1771.741506,1905.61078,2065.718579,2258.912105,2472.586556,2738.20546,3069.304781,3487.845766,3805.025999,4142.038286,4560.512586,4971.544929,5336.060143,5721.693819,6108.238775,6496.624013,6894.464522,7329.089299,7754.962119
Cote d'Ivoire,CIV,1336.42961,1310.286472,1264.222306,1224.968341,1218.12035,1216.208471,1210.668211,1207.087189,1211.623843,1223.510617,1219.749096,1138.664957,1229.7782,1305.709227,1384.910349,1469.730178,1547.55256,1625.663515,1692.544476
Cameroon,CMR,1163.43141,1183.43807,1201.912083,1224.161026,1272.851204,1264.1544,1272.882674,1299.290928,1308.235499,1300.84144,1309.122208,1326.646015,1349.951713,1385.235437,1428.215673,1469.637741,1498.278583,1511.816393,1497.783485
"Congo, Dem. Rep.",COD,290.1676615,276.3372968,276.2548624,282.8425766,292.5419167,300.7514121,306.718142,315.4587988,324.2420517,322.6204535,334.2317025,345.4811816,357.8163687,375.4442248,397.5819796,411.2790906,407.5636692,409.1173244,418.7386231
"Congo, Rep.",COG,2364.612918,2387.848636,2430.285145,2383.359123,2395.819621,2503.312055,2573.509881,2447.511634,2496.502308,2595.748499,2737.34233,2751.91068,2782.111882,2806.347432,2922.973185,2925.527748,2771.397345,2616.606077,2651.700719
Colombia,COL,4764.743697,4775.552865,4826.415403,4946.555897,5140.598008,5312.72454,5601.707346,5912.667561,6033.593825,6037.12981,6230.738366,6619.054483,6807.743494,7049.250734,7313.213742,7461.198041,7541.22144,7611.661751,7698.412245
Comoros,COM,1294.793919,1292.748116,1291.234193,1287.357701,1281.276164,1286.613106,1289.471094,1269.005529,1288.421346,1298.007347,1315.214806,1336.433611,1346.242933,1373.369591,1369.185646,1352.126772,1350.146123,1355.506087,1362.638528
Cabo Verde,CPV,2179.984807,2185.253822,2257.316672,2310.49442,2505.172505,2639.382638,2813.185404,3202.379263,3378.646197,3300.550986,3312.825985,3405.78186,3403.03108,3389.940005,3369.642709,3362.209967,3477.059353,3571.407401,3786.734051
Costa Rica,CRI,6230.479468,6332.836893,6434.392113,6606.15651,6792.109874,6954.039222,7351.860882,7841.92586,8095.309726,7911.7952,8199.414621,8449.962612,8753.225624,8852.401121,9065.026452,9296.005736,9592.111714,9808.846064,9892.64112
Caribbean small states,CSS,7353.240206,7449.71615,7667.936233,8052.747119,8314.885735,8566.189483,9089.439105,9320.983977,9376.574098,8986.029234,9059.000053,9100.464272,9161.572878,9184.309437,9188.321653,9230.446019,9007.870747,8977.060602,9038.953812
Cuba,CUB,3473.243494,3572.396058,3613.136357,3741.206408,3949.347798,4385.002479,4908.879332,5261.896726,5475.581071,5550.705973,5676.141403,5824.103628,5985.201531,6133.473727,6182.773703,6444.968288,6469.866718,6580.294459,
Curacao,CUW,,,,,,,,,,,,,,,,,,,
Cayman Islands,CYM,,,,,,,,,,,,,,,,,,,
Cyprus,CYP,26688.02901,27445.46126,28142.863,28532.24862,29568.20188,30559.84628,31470.92463,32378.57011,32727.13533,31218.2071,30818.47993,30163.31394,28852.20151,27242.22836,27182.50243,27874.15831,29081.8161,30031.73599,30926.45172
Czech Republic,CZE,14806.58347,15294.62929,15577.3922,16143.26364,16930.1897,18011.3867,19193.75482,20151.17812,20520.77996,19424.27306,19808.07109,20118.58781,19929.76407,19826.79194,20343.68375,21381.70308,21863.64166,22754.7526,23344.16853
Germany,DEU,37998.42531,38577.72563,38512.92004,38218.34965,38673.88811,38969.3217,40456.85738,41831.86709,42365.0975,40086.10476,41785.55691,44125.33141,44259.25991,44354.73689,45132.27363,45521.31928,46167.83078,46971.40763,47501.81265
Djibouti,DJI,,,,,,,,,,,1325.990724,,,,,,,,
Dominica,DMA,5576.723541,5573.7012,5404.082668,5725.367972,5876.05544,5893.847449,6152.746733,6530.488651,6983.303106,6886.596951,6912.435714,6870.239502,6766.739598,6692.547956,6949.991038,6737.18398,6871.31563,6184.337832,6416.921969
Denmark,DNK,55850.63643,56108.96272,56190.81452,56256.76761,57608.73489,58792.67138,60892.76661,61174.54515,60504.7753,57229.05164,58041.41122,58575.61892,58487.78637,58788.08179,59437.9339,60402.13322,61370.78571,62356.75171,62888.72719
Dominican Republic,DOM,4017.431169,4052.581492,4169.945552,4051.683137,4094.076257,4414.812085,4751.041363,5031.953697,5122.22509,5101.216752,5453.926861,5552.395627,5631.468069,5833.435171,6203.725971,6562.767094,6917.604944,7153.078718,7750.933656
Algeria,DZA,3541.072037,3600.437254,3754.516275,3974.175032,4091.144235,4273.312751,4282.328231,4359.375748,4390.499633,4386.038896,4463.394675,4504.920098,4564.435017,4596.219627,4675.885024,4759.595242,4827.724251,4820.434064,4815.570527
East Asia & Pacific (excluding high income),EAP,1821.967003,1926.088016,2059.061193,2219.858057,2398.609496,2610.674116,2869.772319,3195.165712,3439.580345,3677.877058,4008.912012,4317.142412,4607.848006,4903.599373,5197.23039,5495.207019,5800.793368,6137.949311,6470.431562
Early-demographic dividend,EAR,2283.645844,2266.155342,2263.200011,2332.213032,2448.427619,2556.604441,2670.740872,2783.33236,2835.06429,2809.719403,2937.735341,3037.854782,3120.304224,3207.734698,3289.557447,3394.967784,3509.468194,3625.593659,3732.285934
East Asia & Pacific,EAS,5350.902274,5445.231816,5594.42686,5786.387852,6037.873073,6295.745865,6596.059772,6973.397768,7168.074889,7218.376866,7676.519264,7977.521112,8294.531995,8629.775941,8924.8739,9234.116093,9547.811961,9915.469115,10259.49724
Europe & Central Asia (excluding high income),ECA,4895.897606,5027.415501,5307.217303,5667.431079,6130.673102,6561.636335,7085.528189,7615.725705,7927.188296,7419.256281,7761.79172,8224.802798,8480.527636,8767.288439,8909.559063,8904.50364,8984.868113,9299.092914,9515.682799
Europe & Central Asia,ECS,20240.51299,20659.83082,20982.23218,21318.59715,21945.03664,22482.22225,23294.90793,24070.82987,24215.47255,23037.92827,23565.09331,24081.03426,24059.35537,24159.73363,24493.37063,24864.09587,25218.6731,25776.4963,26231.9171
Ecuador,ECU,3678.902316,3759.894861,3848.266846,3888.341901,4139.080573,4286.515247,4400.859602,4421.902428,4624.196579,4573.247084,4657.302361,4943.422704,5140.262907,5311.212121,5428.714031,5352.876457,5209.559153,5256.02153,5185.091461
Egypt,EGY,1950.521165,1982.02443,1991.288548,2016.220951,2059.749606,2112.723735,2217.43332,2333.454571,2456.687446,2524.381342,2602.479549,2593.214102,2593.112377,2590.945457,2608.260442,2665.234351,2725.555817,2785.247479,2907.317585
Euro area,EMU,34915.33263,35532.70051,35721.23124,35784.41812,36415.72859,36845.65076,37861.10404,38816.04082,38796.67445,36924.02508,37635.92867,38334.69038,37922.13354,37700.11325,38097.09669,38779.54976,39410.67261,40248.64366,40978.86379
Eritrea,ERI,571.6032306,603.1051001,601.0342469,565.7250537,556.0356399,554.4881994,535.9296731,532.2314773,471.1666248,480.608925,482.1490904,514.1795982,,,,,,,
Spain,ESP,28335.00183,29264.88145,29685.36395,30082.62648,30504.35743,31110.01413,31865.36917,32459.91738,32303.24148,30874.12601,30736.62785,30321.70487,29414.85692,29008.02098,29496.37893,30595.15683,31539.51029,32402.72856,33146.39167
Estonia,EST,10108.20529,10816.60315,11546.77265,12481.18961,13346.39831,14681.22537,16285.00672,17627.02972,16716.50316,14282.6035,14638.60482,15798.63278,16538.2126,16918.58711,17453.00292,17773.00552,18387.76907,19257.47617,19948.92283
Ethiopia,ETH,196.5049622,206.7431435,203.9059129,193.8669151,214.0448315,232.7832002,251.0560465,272.391198,293.8533133,311.3677438,341.3099092,369.58442,391.1317953,421.3841357,452.778236,487.2900105,511.1874265,549.8478727,570.3056768
European Union,EUU,30278.76359,30895.95607,31235.38869,31529.52169,32210.83033,32760.8786,33731.26131,34634.85704,34670.93606,33063.64268,33729.04271,34341.07516,34131.09488,34117.50239,34617.17748,35324.10116,35939.84627,36735.22831,37416.98769
Fragile and conflict affected situations,FCS,1217.609416,1220.859796,1182.731922,1097.848634,1220.454312,1269.394927,1322.135686,1360.790695,1400.827434,1429.696556,1487.456477,1372.96885,1527.230245,1547.357177,1528.035653,1526.544776,1568.720392,1577.744113,1593.289211
Finland,FIN,40450.37337,41399.94358,41993.68902,42729.02447,44277.8427,45353.26,47011.6576,49239.19396,49363.6972,45065.75349,46202.41516,47171.02206,46277.55628,45715.64682,45239.3688,45316.35427,46438.82274,47558.88848,48579.87129
Fiji,FJI,3315.067475,3368.93086,3470.458267,3501.140968,3678.925784,3689.067382,3732.003475,3667.452541,3667.860843,3580.397019,3651.966784,3719.88948,3744.277109,3894.262538,4084.199787,4211.058878,4195.968096,4322.986238,4858.524092
France,FRA,38460.6821,38928.03031,39078.1987,39120.19614,39915.26454,40252.41822,40922.08323,41630.09374,41478.93741,40052.30512,40638.334,41329.03853,41258.2873,41283.0077,41478.25197,41765.24403,42085.97405,42838.06594,43663.58492
Faroe Islands,FRO,,,,,,,,,,,47397.90292,,,,,,,,
"Micronesia, Fed. Sts.",FSM,2706.829542,2760.984944,2782.273258,2840.873944,2758.104254,2824.930408,2834.905631,2795.301742,2749.006605,2795.226392,2861.771348,2961.787228,2901.881468,2784.557914,2716.322626,2838.869665,2845.011554,2919.166231,2773.560364
Gabon,GAB,10137.5499,10098.60086,9823.251719,9788.878866,9595.851224,9579.355089,9041.674262,9299.463906,8715.455716,8449.938711,8754.113376,9060.662673,9212.291554,9408.005169,9508.181635,9598.304228,9553.495154,9385.814391,9077.011554
United Kingdom,GBR,35576.76685,36341.70975,37077.64835,38132.84109,38813.02169,39740.90292,40418.7473,41050.40593,40536.13486,38545.91582,39079.84261,39413.32388,39706.61008,40248.76511,41124.1434,41756.92237,42201.64143,42692.56407,42986.03288
Georgia,GEO,1552.818838,1652.881085,1759.069841,1966.82811,2093.750813,2309.128935,2541.070599,2875.668056,2954.165537,2871.728847,3073.534272,3322.031813,3559.115758,3690.756026,3859.579264,3964.499184,4075.00845,4271.391192,4469.182977
Ghana,GHA,969.2355437,982.9448254,1001.250246,1026.411053,1056.013437,1089.481796,1129.253484,1147.880699,1220.728366,1247.463066,1312.607557,1460.660022,1558.4759,1633.514247,1642.423475,1640.461008,1659.484163,1755.604653,1807.06354
Gibraltar,GIB,,,,,,,,,,,,,,,,,,,
Guinea,GIN,573.2234546,583.4247783,602.3959537,598.6162621,600.9804154,606.8744023,601.5037004,628.8692528,640.5197644,619.3588198,634.9231054,655.9112097,679.5536291,690.6720936,699.9637583,709.4777894,764.4043132,824.1067157,943.3600341
"Gambia, The",GMB,530.1024072,543.7862192,509.7225422,527.5055742,546.7760334,524.5139491,513.7555114,515.773111,528.3727915,544.9597908,562.4837817,521.6127037,533.7780443,542.1330888,520.6467854,534.5492793,520.6801212,528.3252111,518.8490065
Guinea-Bissau,GNB,531.2769928,532.5051528,516.6565649,508.7083913,511.4738141,521.5170838,521.5383085,526.1571802,530.2216524,534.8626616,545.7041208,574.9407389,550.6106451,553.8787042,544.8824699,563.6788905,584.079203,603.5003737,622.0798254
Equatorial Guinea,GNQ,5484.300832,8603.955679,9867.562103,10788.02891,14266.92792,15941.64698,16413.54041,18075.17676,20333.94044,19684.69701,17136.44568,17461.55192,18106.33666,16634.76663,16028.24925,13998.36729,12320.52465,11287.85909,10602.28616
Greece,GRC,23275.44431,24111.41745,24965.59403,26349.27734,27614.40593,27698.51061,29176.39287,30054.88939,29874.74345,28514.81009,26917.75898,24495.71113,22830.52678,22251.25729,22565.68048,22615.39459,22666.28624,23055.44727,23558.08397
Grenada,GRD,6359.780669,6216.993794,6414.882937,7003.123277,6938.736016,7837.349573,7501.839739,7936.079286,7984.760332,7430.538275,7365.641538,7393.874204,7280.333799,7421.411793,7932.665707,8407.181121,8681.095482,9077.322096,9205.653919
Greenland,GRL,32193.00252,32514.75985,32051.66566,33380.20993,35645.60107,37352.89254,39539.91571,40626.78143,43305.70276,43684.5872,43988.33249,43781.46256,44454.37355,43954.02161,46443.76342,46738.06226,50255.117,,
Guatemala,GTM,2554.77971,2554.256855,2591.327592,2594.924278,2614.710931,2638.288593,2717.761563,2825.136089,2854.067929,2806.986762,2825.519029,2880.412366,2903.390805,2947.976559,3007.898073,3069.041335,3100.978956,3124.208247,3160.005492
Guam,GUM,,,27723.63678,27883.24017,29604.14798,30592.1608,29375.27625,29576.89604,30054.20285,30111.6816,30700.43401,30693.12748,31257.15694,31747.85459,32179.35718,32194.03182,32056.86484,31857.73363,
Guyana,GUY,2382.913693,2440.59571,2469.482713,2453.958136,2493.00188,2446.662534,2576.781972,2764.049311,2824.557747,2927.326306,3044.948083,3192.294448,3342.919515,3486.979563,3595.923776,3684.922319,3783.542028,3871.389365,3965.973335
High income,HIC,34785.45479,35046.7021,35318.0006,35837.09785,36769.11043,37527.65692,38375.60224,39083.73071,38895.24235,37284.49189,38184.62607,38714.43336,38966.42135,39290.47137,39825.22736,40518.50486,40970.00745,41655.41645,43512.11749
Hong Kong SAR,HKG,23015.88824,22975.03477,23252.44675,24010.46658,25896.62106,27688.69844,29446.23689,31081.54801,31553.61323,30711.48476,32549.99823,33888.49592,34086.32123,35002.51749,35717.67916,36260.59546,36816.14986,37927.13462,38784.75557
Honduras,HND,1620.056113,1622.208141,1641.397203,1674.395484,1736.692884,1799.490332,1874.953449,1947.957434,1987.914083,1900.382571,1932.85829,1969.310414,2013.478306,2033.316186,2059.474909,2102.376959,2144.869367,2210.587281,2203.949163
Heavily indebted poor countries (HIPC),HPC,596.8792984,605.1173337,608.7762753,618.1765677,634.0350525,653.7219719,674.7158842,699.0138732,720.9141258,730.7644644,752.2069758,764.4525732,785.7633086,808.2940506,829.9077532,847.0289393,861.0051958,881.4350172,901.0423858
Croatia,HRV,10464.42561,11250.35475,11834.40766,12491.35128,12976.71075,13492.6165,14146.08445,14896.76938,15201.94202,14108.31276,13932.07421,13932.70032,13653.82867,13624.57903,13668.21902,14112.15745,14713.58085,15326.32724,15870.28116
Haiti,HTI,766.9367192,746.4099982,732.5522302,723.6016869,687.1914107,688.7029869,693.2629969,705.3883417,700.4833324,711.24624,662.2795182,688.8433867,698.7877652,718.4204652,728.7803218,728.0632246,729.3604578,728.9204029,730.2966712
Hungary,HUN,10490.35032,10918.24881,11445.19358,11919.76889,12544.09037,13120.62026,13647.15237,13727.73483,13869.44117,12974.14418,13092.23376,13347.0248,13197.26092,13510.71745,14119.48219,14653.62011,15032.13558,15695.69794,16503.47219
IBRD only,IBD,2844.715103,2904.547556,2990.739518,3117.030161,3320.607743,3511.89514,3750.815152,4027.834707,4208.383535,4250.079991,4515.998141,4742.602326,4931.25543,5124.43364,5291.159727,5439.222623,5614.552647,5836.338623,6062.928833
IDA & IBRD total,IBT,2397.574801,2443.26584,2511.597178,2609.864085,2770.972503,2921.547346,3108.212898,3323.980058,3462.153295,3492.900361,3697.4967,3867.608745,4009.576725,4156.185289,4281.796215,4388.748497,4512.401681,4673.363959,4838.084413
IDA total,IDA,759.0702055,774.5352138,801.0217221,822.1696541,857.9681008,892.8667079,927.4961415,965.3228862,993.6460747,1021.881675,1060.810205,1084.851901,1115.634933,1155.135317,1194.032252,1216.637767,1226.559827,1250.718225,1277.400535
IDA blend,IDB,1100.643256,1119.257647,1180.451651,1211.936681,1277.098382,1329.118177,1377.113531,1426.208797,1454.938599,1503.288501,1559.863381,1599.128601,1633.48178,1688.718517,1746.448202,1771.791943,1759.200093,1768.038611,1762.713373
Indonesia,IDN,2143.38989,2190.76618,2257.746855,2333.097483,2416.836389,2519.509842,2621.960398,2750.615143,2876.88504,2970.044131,3113.480635,3262.748613,3415.351267,3560.10658,3692.942875,3827.550779,3974.723704,4130.644233,4284.652535
IDA only,IDX,584.2609479,598.8104387,607.0323792,623.4667581,644.37681,670.9953895,699.2877363,731.8462697,760.5089146,778.2379417,807.8821557,823.6001125,852.7204898,884.0024185,912.9521888,934.2000882,956.5211101,989.4870437,1024.719023
Isle of Man,IMN,48268.0986,50419.70826,52888.90251,55695.00521,58004.77389,60800.0209,64803.93856,68908.03626,71405.34847,72177.88008,73935.679,74772.85804,76552.2915,79405.0645,82792.83125,81478.46133,86912.19907,,
India,IND,829.3590895,854.4159873,872.0008607,925.0768815,982.3167029,1043.486764,1110.268737,1177.386194,1196.020983,1271.858887,1361.203571,1413.877995,1472.33786,1547.378382,1642.392584,1753.134194,1874.707237,1986.56749,2104.163292
Not classified,INX,,,,,,,,,,,,,,,,,,,
Rep Of Ireland,IRL,42945.22592,44719.90416,46746.97453,47426.37176,49678.40456,51527.33372,52926.19962,54096.24903,50918.32904,48071.71957,48711.94993,50304.67823,50183.45652,50587.29641,54638.37563,67719.15992,70298.65779,74498.38627,78764.62727
Iran,IRN,4781.850824,4749.806309,5028.437362,5401.750199,5572.905717,5684.957501,5901.641789,6311.7895,6256.877968,6247.69166,6531.92743,6622.672941,6052.516833,5964.179046,6161.103523,6007.004893,6733.913474,6910.56957,
Iraq,IRQ,4311.281314,4285.86362,3880.111603,2526.043142,3792.142463,3857.610405,4143.691703,4098.306627,4325.667983,4354.683627,4502.749048,4695.357216,5178.422294,5390.009586,5253.627075,5218.389822,5725.721764,5449.968949,5510.758895
Iceland,ISL,36554.65752,37488.69237,37360.10183,37976.67194,40684.26369,42604.4542,43703.94719,46629.65653,46529.85102,43354.76845,43024.92384,43700.79299,44032.42454,45420.99033,45852.91345,47405.04317,50188.49842,50998.1769,52103.1703
Israel,ISR,27636.34077,26999.36506,26503.84335,26229.39977,26947.4445,27570.94557,28499.32593,29614.07515,29962.00561,29658.52263,30658.92276,31592.83288,31671.26824,32374.11781,32996.52633,33179.72161,33839.60859,34333.13234,34788.65793
Italy,ITA,36180.77833,36801.29381,36837.86399,36729.97554,37070.33052,37238.93653,37872.16836,38236.79561,37585.33735,35363.40046,35849.3732,35994.13358,34885.2969,33887.29817,33615.97178,33959.29372,34406.70368,34999.90639,35391.70548
Jamaica,JAM,4647.24626,4674.303208,4735.055103,4877.775825,4912.883288,4928.086854,5042.288205,5086.50377,5018.71497,4777.168936,4685.58832,4745.759067,4697.48603,4703.248604,4718.603183,4744.974208,4794.757524,4826.694404,4841.653326
Jordan,JOR,2810.035148,2906.622753,3020.089846,3082.054945,3262.190577,3417.730137,3557.302686,3687.233645,3773.187675,3786.533481,3679.190275,3578.765809,3481.688742,3401.076037,3348.826851,3297.894412,3258.49324,3238.251996,3236.949148
Japan,JPN,42169.73328,42239.18493,42190.80487,42744.01128,43671.67997,44393.62638,44995.49449,45687.27381,45165.78792,42724.76037,44507.67639,44538.72619,45276.87434,46249.20959,46484.15527,47163.49421,47660.89304,48567.41706,48919.56089
Kazakhstan,KAZ,4491.591823,5106.634167,5606.852997,6107.709259,6647.692129,7227.982949,7917.195342,8523.766205,8698.423654,8573.708294,9070.488253,9603.244655,9923.422208,10368.4993,10646.03446,10617.47466,10582.70087,10867.73874,11165.54436
Kenya,KEN,833.0124524,841.2030184,823.0747894,824.4529698,843.2117975,868.9047117,900.0818061,935.6370088,912.3577048,917.0247151,967.3504549,998.9775712,1016.806597,1048.236724,1075.65946,1107.992893,1143.36433,1169.215274,1202.133023
Kyrgyz Republic,KGZ,654.3123118,682.624142,676.2696342,716.2642508,757.3744283,747.5656166,762.5201161,819.8062973,880.2788201,894.8179586,880.0377751,921.1770391,905.1656688,984.2390335,1003.510404,1021.160792,1043.951112,1070.89326,1087.204062
Cambodia,KHM,431.3046585,454.0764479,475.0537273,506.7027946,550.0999397,613.2790099,669.0363309,726.4605796,763.6913923,752.9779185,785.6928841,827.9784081,874.1614887,923.1138221,972.9792448,1024.872343,1078.205454,1137.224401,1205.29295
Kiribati,KIR,1722.25835,1668.233126,1701.979397,1705.815942,1647.498075,1695.683825,1660.055542,1657.765535,1587.991126,1566.867417,1520.875339,1515.539848,1557.841443,1594.751052,1556.052623,1688.178811,1743.935399,1719.554624,1762.305861
St. Kitts and Nevis,KNA,13596.71711,14154.71758,14301.84997,13615.13543,13971.22523,15123.99324,15375.8009,15191.05048,16000.17594,15292.88582,14904.94842,15007.18642,14742.94937,15379.76426,16138.08889,16317.81472,16533.65393,16568.81965,18011.18764
South Korea,KOR,15104.52152,15667.37846,16734.84566,17136.66157,17905.22579,18568.36281,19427.18984,20385.32004,20803.50054,20843.1348,22086.95292,22724.70557,23123.76136,23685.40671,24323.57284,24870.7709,25484.03759,26152.03077,26761.94138
Kuwait,KWT,35792.70979,35051.80226,35522.72737,41189.46318,44820.20002,47847.82359,49268.26312,49588.76428,47965.00883,41936.81677,38497.61696,39652.17118,39733.28919,37924.47244,36259.66868,35053.59084,35250.91458,33545.61763,33537.85153
Latin America & Caribbean (excluding high income),LAC,7147.970026,7126.706566,7108.942334,7075.077462,7402.684293,7592.73465,7877.673118,8194.644871,8416.683928,8182.924573,8537.477238,8793.44525,8954.875849,9095.652335,9109.315494,8979.126349,8853.199075,8908.084952,9190.79944
Lao PDR,LAO,672.1678299,699.6334799,729.894199,762.7462611,799.0736305,842.5676301,900.2754365,952.316936,1009.460775,1067.575917,1141.127115,1215.881729,1296.745665,1383.70298,1470.499706,1556.670712,1642.730096,1730.404815,1789.135301
Lebanon,LBN,6789.912136,6789.375295,6696.934931,6579.438289,6700.627206,6671.371253,6666.990356,7237.809889,7859.944198,8501.108511,8858.283972,8450.107462,8107.078815,7754.770561,7445.74829,7147.273931,7083.81728,7102.63661,6249.766655
Liberia,LBR,606.6314369,602.0937493,610.1192423,418.8987304,421.7287714,432.4538617,451.3774807,475.1226831,488.2183753,494.062272,506.0630046,531.145602,558.3236962,592.0913136,582.0594195,567.9744648,545.0555303,544.5734758,541.2713241
Libya,LBY,8967.247453,8671.836454,8453.584716,9403.453647,9670.084548,10653.7844,11175.12987,11707.9854,11856.02054,11631.71901,12120.56217,4578.531815,10208.67462,8823.551964,6697.103284,6073.406208,5848.937364,7314.624388,7528.970075
St. Lucia,LCA,7238.220042,6935.526467,6903.271619,7148.490391,7606.188612,7509.241079,7898.36901,7916.62429,8241.922831,8067.690177,8008.197165,8230.081998,8131.371224,7986.09235,8234.954952,8121.829446,8356.989212,8635.813752,8503.45275
Latin America & Caribbean,LCN,7460.643642,7422.587505,7344.747219,7362.179218,7728.782462,7955.045349,8268.73418,8616.159191,8843.404905,8571.977565,8964.833879,9249.019866,9397.529127,9547.935423,9538.567346,9444.997761,9313.119994,9377.560452,9550.784572
Least developed countries: UN classification,LDC,534.0358771,548.1425596,562.6649546,577.9899567,602.5601493,636.6131091,669.9223875,709.2228733,742.3846804,758.3848537,786.8696875,798.9809397,826.7756143,852.938982,878.4370815,894.0644908,905.693452,927.8242289,953.2544516
Low income,LIC,522.6291444,531.6697887,529.4217673,530.3556944,543.9740056,560.2106383,572.0222573,588.9877333,601.1255259,615.7411456,643.0245885,652.7760512,676.2914139,696.1990405,717.8801551,723.23321,727.6036235,745.2871653,732.2782282
Liechtenstein,LIE,,,,,,,,,,,141165.0829,,,,,,,,
Sri Lanka,LKA,1824.721072,1784.067178,1840.56739,1934.071002,2022.830359,2132.357319,2278.87929,2416.493266,2542.942424,2615.982695,2808.434392,3026.992151,3286.007594,3371.183337,3505.550452,3648.08929,3768.516812,3849.455356,3936.450246
Lower middle income,LMC,1107.824016,1137.203349,1171.214459,1223.567629,1288.069293,1351.609755,1423.502798,1500.645902,1546.704362,1597.612001,1680.636775,1738.326032,1801.274152,1874.236824,1951.243638,2030.153418,2112.584031,2198.423063,2259.336602
Low & middle income,LMY,2263.595652,2312.762002,2387.625749,2480.548406,2634.818149,2779.912807,2959.285459,3166.495934,3300.686186,3337.910759,3535.214827,3698.715706,3842.153411,3988.051906,4115.573508,4219.852517,4345.201122,4503.005784,4704.657536
Lesotho,LSO,871.3917236,894.1700843,892.8982487,925.9292428,933.98815,958.5220521,990.875793,1030.05257,1089.773967,1102.62196,1157.341092,1223.058786,1280.438113,1287.150864,1309.74958,1328.123138,1352.202252,1303.823441,1401.611115
Late-demographic dividend,LTE,3463.728102,3601.259862,3775.420863,3988.616687,4274.57057,4551.58919,4918.441149,5358.332176,5672.474797,5786.29177,6191.182895,6576.456446,6887.001549,7200.093461,7484.587722,7722.999542,7961.461889,8293.34261,8641.83782
Lithuania,LTU,6933.587869,7447.077453,8014.636909,8931.519535,9624.013733,10537.91037,11500.52915,12928.25994,13405.18824,11546.82225,11984.86857,12999.42674,13679.149,14301.72976,14935.53502,15381.34873,15944.62541,16838.5432,17669.65898
Luxembourg,LUX,93462.92485,94695.33924,97287.59728,97678.46054,99778.46879,101380.7746,104943.4403,111968.3495,108577.3523,101939.6134,104965.3061,105264.7484,102404.6119,103721.747,105658.5197,107235.27,107479.5111,106519.5824,107243.2375
Latvia,LVA,6934.722926,7478.763105,8103.587637,8872.103199,9717.109046,10873.41429,12278.30704,13614.25637,13270.00041,11547.99077,11326.21947,12270.34062,12924.72616,13381.33173,13758.95531,14284.28833,14713.01808,15532.22503,16405.73322
"Macao SAR, China",MAC,22524.4156,22640.60365,24071.98583,26220.01375,32438.29345,34245.91527,37959.09078,42537.642,43081.21825,42739.19434,52374.79445,62279.32215,66448.83092,72183.30331,69748.93809,53580.32299,52143.86551,55936.62782,58054.08264
St. Martin (French part),MAF,,,,,,,,,,,,,,,,,,,
Morocco,MAR,1972.300287,2091.234516,2130.733918,2230.904753,2310.338449,2358.443579,2507.674658,2566.216701,2686.228297,2765.856154,2834.20472,2942.038817,2987.31592,3077.315005,3113.799415,3209.311804,3201.408462,3288.499794,3357.359102
Monaco,MCO,138982.3113,140802.7725,141075.3848,141293.2207,143128.0098,143773.6527,149399.2618,167533.014,165266.4495,143830.4589,144569.1758,153131.8974,153469.6304,167325.3255,178581.4768,186551.4179,191586.6396,,
Moldova,MDA,968.2881767,1029.653765,1112.540193,1189.312174,1280.485916,1379.875617,1450.134315,1497.103826,1616.95279,1521.855571,1631.535832,1743.488077,1731.510798,1894.780109,1986.94062,1980.267412,2070.634372,2165.494367,2684.143102
Madagascar,MDG,430.1089963,442.1358235,374.4890908,398.9019786,407.5174621,413.8674949,422.1411671,435.7172452,453.6365642,423.3057408,412.7309341,407.3272819,408.3421256,406.3749932,408.6610331,410.1941592,416.0027173,421.8912457,432.6578354
Maldives,MDV,5777.216367,5420.948222,5670.469219,6282.231846,6485.024179,5484.950255,6736.813258,7068.651765,7537.636828,6806.405052,7100.405899,7490.445206,7458.860047,7776.543931,8124.707759,8156.168648,8559.350852,8971.128496,8049.933835
Middle East & North Africa,MEA,5762.786354,5723.218243,5707.944854,5907.878117,6261.692728,6448.42432,6694.853454,6891.909913,7046.851011,6932.003199,7127.0925,7237.621282,7366.026502,7414.489752,7484.670266,7529.952162,7752.261984,7741.215574,7845.805914
Mexico,MEX,8997.433617,8843.90116,8731.220021,8749.778035,8977.657821,9059.810486,9327.7362,9392.687112,9347.524279,8712.140597,9016.457927,9207.729317,9405.813166,9400.32212,9532.803837,9715.677724,9867.93081,9942.866356,10385.29785
Marshall Islands,MHL,2617.365432,2756.475861,2829.937008,2837.036178,2842.690116,2926.635269,2967.371233,3072.293763,3017.071072,2961.927086,3146.763948,3177.638584,3279.9636,3365.465417,3333.361046,3315.192935,3373.945538,3491.394178,3254.830736
Middle income,MIC,2443.143204,2499.193103,2584.676727,2690.19492,2862.777339,3025.568511,3227.283822,3460.153522,3613.075225,3658.266129,3880.722066,4067.602585,4231.202559,4398.304516,4545.171244,4668.131167,4815.437668,4998.599419,5197.101574
North Macedonia,MKD,3448.812931,3329.89967,3369.598581,3436.946226,3591.271558,3755.02658,3942.425622,4192.937308,4418.267781,4398.774199,4542.904104,4645.514719,4620.649183,4751.888741,4920.202944,5105.451342,5246.088486,5253.773775,5394.288478
Mali,MLI,553.5780114,620.2847837,620.55831,656.4918881,645.9229792,666.257623,674.7401265,675.4092087,684.4944184,693.5460684,708.3707632,709.3993798,683.0015974,678.7562806,705.7884727,726.248067,745.8707245,762.9498316,777.8605975
Malta,MLT,18306.66506,18280.21353,18685.65569,19035.36115,18991.7828,19585.12427,19870.7522,20590.95219,21142.02081,20466.5636,21087.79469,21276.41025,21657.96957,22340.75372,23676.03236,25342.02229,26064.17138,26988.79373,28385.06497
Myanmar,MMR,346.7746454,381.7030096,422.9583997,476.6124381,536.2101036,603.8320887,677.7036471,753.9518937,826.0946985,907.3623858,987.7365832,1034.77236,1101.206165,1183.279235,1266.120248,1342.263064,1408.014182,1489.505798,1571.907217
Middle East & North Africa (excluding high income),MNA,3210.902702,3224.328122,3274.170072,3307.79862,3511.585672,3607.30601,3738.503104,3896.114376,3960.929905,3988.697751,4122.744869,4009.848567,4046.952045,4039.503312,4050.622144,4019.326806,4245.477041,4302.442348,
Montenegro,MNE,4951.7814,4986.148151,5060.564026,5166.415109,5384.187248,5602.029938,6076.247053,6480.475462,6934.751257,6518.536503,6682.281158,6888.874157,6697.236632,6924.87796,7042.689488,7278.056015,7487.386668,7838.412134,8226.598844
Mongolia,MNG,1600.479484,1632.524675,1693.081138,1792.873168,1961.491893,2079.11237,2229.154535,2425.68184,2604.928915,2533.175737,2650.353648,3053.612268,3365.571975,3685.747845,3901.866604,3923.628469,3903.229626,4045.687976,4197.755982
Northern Mariana Islands,MNP,,,21177.69637,21687.13219,21573.63096,19408.27827,18673.13235,18056.31724,16639.58126,14155.53999,14681.02308,13712.46164,13803.63606,14052.62037,14468.96404,14865.38679,18989.26183,23711.45845,
Mozambique,MOZ,256.5393799,281.0676915,296.9834865,307.0340736,321.3028806,339.1322444,361.7450378,377.3832721,391.7101475,404.5950204,419.2258149,436.1431817,454.1068241,472.5906373,493.2533015,510.793591,514.9631899,519.0939485,539.1833403
Mauritania,MRT,996.757198,987.1335104,965.1659373,993.848819,1021.367274,1081.730437,1249.937547,1249.462403,1227.791759,1180.779404,1201.756291,1221.690236,1254.50317,1291.806172,1324.36525,1304.882608,1294.254828,1303.440033,1349.374452
Mauritius,MUS,5560.234238,5658.449273,5738.05555,5905.000777,6205.252738,6245.196496,6746.878552,7100.85933,7456.381179,7683.129304,8000.376432,8313.264119,8580.078391,8848.873841,9163.640465,9476.671387,9833.62123,10199.91192,10578.61732
Malawi,MWI,384.6778691,355.5487223,352.0263457,362.3697692,371.7851468,373.2298928,379.4363388,403.4921837,421.2236257,442.554638,458.8654301,466.9605494,461.8845794,471.8376444,484.3657281,483.6259186,481.4490573,486.4424158,516.7540552
Malaysia,MYS,7009.655362,6893.333247,7114.871167,7377.364628,7725.904121,7983.952569,8273.725282,8635.566379,8890.793065,8599.435524,9071.356987,9377.187567,9708.936994,9981.15458,10398.2269,10751.54289,11038.86933,11528.29686,12109.48855
North America,NAC,44923.36444,44948.91597,45382.50935,46206.9726,47479.80255,48608.10518,49432.09429,49847.66816,49289.29888,47481.75506,48373.41574,48829.10711,49515.43595,50086.23459,50941.02535,51924.54896,52325.50989,53155.20601,54224.12277
Namibia,NAM,3790.911417,3767.450054,3890.415562,4005.574918,4446.249537,4507.184087,4770.727952,4968.664032,5036.254699,4978.679998,5191.583081,5351.369745,5502.258873,5679.278655,5901.242884,6119.571193,6024.340635,5839.87541,6073.194376
New Caledonia,NCL,,,,,,,,,,,,,,,,,,,
Niger,NER,322.1689768,332.7752563,330.5677491,335.6881179,323.989163,326.3510451,332.7305889,330.6528023,349.0254303,333.7101115,348.1560591,342.7686416,368.9645491,373.75899,386.748713,388.3372703,392.1710303,395.9555195,398.5200428
Nigeria,NGA,1382.895248,1428.406105,1606.355943,1681.183538,1790.293186,1856.929844,1918.70405,1992.048611,2071.201605,2178.898759,2291.360013,2349.297783,2383.977407,2475.948056,2563.092124,2562.522216,2455.918559,2412.202835,2396.310914
Nicaragua,NIC,1305.160122,1324.320526,1315.991253,1331.363823,1383.91437,1424.499933,1464.350519,1518.653199,1550.501295,1480.376529,1526.497938,1603.33429,1687.358681,1750.057433,1812.994743,1878.200769,1944.000979,2016.31995,1860.431709
Netherlands,NLD,46133.17635,46758.87675,46509.51714,46422.02485,47200.42469,48107.58549,49720.39486,51447.25959,52118.09256,49897.22517,50950.03434,51499.59579,50780.70297,50565.30207,51100.83982,51871.5765,52727.10247,53920.03335,55041.12039
Norway,NOR,81709.66294,82992.53186,83732.93894,84008.9617,86820.34131,88494.36433,89887.01952,91617.27915,90917.54176,88259.96772,87770.26684,87481.14835,88689.49096,88538.69765,89274.95614,90132.34952,90402.60219,91451.35052,92121.42113
Nepal,NPL,459.11634,472.7723768,465.5452863,476.4581877,491.6975138,502.2394279,513.1274616,525.0822526,551.6441032,570.9307893,592.1835216,605.6336526,627.1821221,645.2510105,675.7352885,690.075033,686.3179449,732.4333613,812.2363603
Nauru,NRU,,,,,,,,2968.851676,4012.775215,4361.146321,4912.599558,5469.155684,5890.770969,7510.288253,9360.629045,9143.668727,9650.568453,10186.56988,9962.388924
New Zealand,NZL,28972.97624,29896.57091,30868.58816,31639.47936,32191.95726,32887.05461,33324.50326,34256.7377,33442.25803,33743.99323,33692.01083,34337.46265,35003.27667,35436.32332,36142.52008,37038.85488,37528.45833,37776.00974,38000.7196
OECD members,OED,32982.73954,33199.24638,33483.59491,33902.96243,34735.6839,35427.13743,36206.87931,36841.53409,36624.26948,35074.55717,35888.60321,36354.3597,36589.74935,36894.26918,37404.42173,38075.79302,38509.38144,39189.5048,39936.59655
Oman,OMN,18698.39975,19308.42061,18772.80037,17881.31476,17671.57505,17631.93969,18063.25193,18302.31933,19112.19706,19408.63402,19281.00081,17913.93164,18300.41451,17830.30899,17167.05043,16958.22582,16897.69308,15977.17775,15663.9053
Other small states,OSS,8079.656673,8276.156359,8496.755421,8693.826231,9332.709281,9682.594081,10507.49278,11257.21058,11782.25712,11691.65636,12360.35162,12993.94614,13161.59652,13258.19213,13348.93717,13427.84469,13464.45726,13471.14253,13717.71156
Pakistan,PAK,848.6317831,846.6423731,855.4985498,878.4415197,923.923304,974.5372983,1013.765372,1041.289383,1037.575137,1045.207929,1040.142268,1046.493545,1060.50137,1083.967007,1111.195962,1140.206271,1179.414012,1222.523906,1196.594136
Panama,PAN,5493.597612,5419.036104,5435.026289,5557.86784,5865.59872,6172.395087,6584.980555,7241.958489,7814.380341,7772.005022,8080.838225,8838.451561,9535.18883,10019.4386,10350.39955,10763.81699,11116.71579,11524.09564,11723.93056
Peru,PER,3310.779993,3287.285776,3422.238349,3520.275322,3649.372048,3831.364851,4069.777098,4362.948992,4703.079928,4695.675167,5022.493191,5270.948747,5520.559167,5765.887138,5825.198494,5937.285352,6094.738249,6172.741606,6453.922634
Philippines,PHL,1607.201616,1618.969757,1643.204441,1689.98021,1768.106838,1818.315432,1880.192448,1971.28171,2020.15041,2010.799316,2129.499247,2171.492182,2278.635911,2399.60719,2505.818865,2615.659102,2752.109121,2891.35889,3021.986863
Palau,PLW,9194.420123,9689.487911,9985.955762,9601.039621,10013.39907,10409.71168,10126.84749,10167.86532,9570.055778,8952.112378,8933.219345,9355.458883,9617.757242,9342.493433,9707.839667,10622.76503,10571.92909,10088.42038,12853.73601
Papua New Guinea,PNG,1724.231684,1678.777708,1634.319989,1628.462848,1631.837736,1693.275105,1690.481674,1833.415923,1785.125123,1862.632054,2004.818112,1982.093325,2029.15191,2061.907251,2329.890872,2402.536249,2390.931594,2402.421313,2400.21576
Poland,POL,8525.139502,8633.915227,8814.267306,9134.436069,9609.169635,9949.252839,10570.7739,11320.55287,11800.03438,12124.6072,12597.86239,13222.815,13435.45764,13630.68974,14093.56159,14644.36193,15099.3493,15823.0108,16639.72798
Pre-demographic dividend,PRE,1001.348084,1020.688793,1052.093363,1018.660496,1117.230514,1159.23558,1207.583306,1250.593027,1298.78663,1325.72208,1369.146224,1392.474594,1438.706718,1480.016125,1506.901362,1510.762245,1508.892022,1490.939987,1490.459033
Puerto Rico,PRI,24161.16874,25631.62935,25833.2027,25830.83019,28084.93857,27566.64223,27293.44852,27134.51943,26790.83808,26411.42332,26435.74879,26647.38627,26979.67102,27206.88275,27325.6608,27519.29543,27685.5876,27689.26052,27340.65417
"Korea, Dem. People’s Rep.",PRK,,,,,,,,,,,,,,,,,,,
Portugal,PRT,21513.45973,21777.40814,21824.97562,21540.06971,21877.90694,22004.79943,22306.28405,22817.3218,22829.848,22128.84552,22538.65408,22159.47542,21353.23026,21228.08948,21533.49011,22016.83679,22511.72625,23197.44678,23737.65833
Paraguay,PRY,3584.15553,3485.943091,3420.671645,3505.258424,3586.224731,3604.748222,3721.965848,3868.931553,4059.871025,3996.056321,4382.690449,4508.005018,4423.678866,4731.863814,4896.112832,4981.149165,5129.391665,5328.53035,5394.461414
West Bank and Gaza,PSE,2160.182674,1909.630902,1628.972185,1810.429693,1947.284037,2103.133531,1970.108677,2046.971265,2109.716726,2227.125843,2338.719877,2551.415741,2631.443492,2610.699884,2529.996256,2541.319738,2585.311731,2590.67517,2680.318123
Pacific island small states,PSS,2718.504483,2720.323679,2743.837059,2771.381122,2848.503928,2880.158649,2915.340393,2914.544108,2932.212708,2854.072279,2898.043659,2978.383056,2992.710198,3036.438441,3116.392083,3178.059571,3207.875439,3273.484293,3411.06416
Post-demographic dividend,PST,35741.40919,36106.26034,36482.49691,37005.33588,37952.53067,38750.78917,39636.59405,40383.23302,40200.65357,38563.46698,39500.1343,40007.27453,40287.82113,40646.46222,41221.68746,41911.48558,42423.03864,43193.91042,43971.20298
French Polynesia,PYF,,,,,,,,,,,,,,,,,,,
Qatar,QAT,60858.19122,60707.11988,62167.55765,60460.4202,65405.71777,61688.81193,66623.13611,66761.62274,67262.45171,65769.00718,70306.22784,72670.95866,70396.81612,68899.48531,67901.21881,67346.43281,66419.34793,65694.35667,63222.10607
Romania,ROU,4897.419233,5243.950498,5617.712289,5970.961682,6507.020648,6820.476748,7413.693433,8040.45381,8850.851733,8397.40172,8209.919456,8415.999687,8629.143409,8965.645417,9306.242304,9712.144868,10236.86031,11046.40741,11534.85862
Russian Federation,RUS,6491.007133,6850.523222,7208.577134,7769.677136,8360.819356,8927.9136,9687.50213,10532.33564,11089.93982,10219.5304,10674.9972,11230.39914,11621.39602,11803.71946,11680.60393,11325.79776,11279.63537,11452.29133,11729.09437
Rwanda,RWA,327.0382047,341.8498497,377.5726883,379.4804143,401.357939,430.5360371,459.2879446,481.9614925,521.3919048,539.2046248,563.4013453,591.7092865,627.6197799,640.7925287,672.6173577,714.3702646,738.8057087,764.8908009,826.3385196
South Asia,SAS,802.1665266,821.7898651,837.285637,882.6969567,933.4493227,989.082434,1048.852767,1108.534036,1127.419046,1190.334146,1263.828366,1310.281507,1363.557235,1427.241811,1507.045267,1599.02146,1700.623822,1796.159418,1890.34994
Saudi Arabia,SAU,18263.23008,17585.39045,16619.43466,17954.94979,18822.73004,19309.31207,19304.55023,19136.15923,19792.72038,18861.11,19259.58726,20575.49795,21056.34715,21005.01212,21183.46489,21507.95569,21380.45272,20770.93861,20775.20181
Sudan,SDN,1003.00205,1038.581433,1074.639297,1125.764399,1137.563077,1189.960988,1275.262027,1385.410027,1455.318374,1464.2546,1476.478087,1592.9644,1797.106075,1832.313777,1837.138362,1881.895263,1923.995323,1959.153522,1855.626292
Senegal,SEN,1104.347427,1126.395716,1105.160761,1148.733087,1184.541063,1218.303281,1215.294707,1241.285729,1256.668214,1247.49782,1255.402738,1236.873867,1261.971186,1259.28291,1303.266262,1346.363976,1389.888174,1448.07383,1546.520159
Singapore,SGP,33390.05848,32191.94009,33242.98633,35233.13448,38117.41053,40020.26016,42223.89136,44191.23809,42650.10208,41133.29981,46569.67951,48505.26439,49262.33358,50948.44618,52244.44041,52785.30643,53353.83946,55235.51289,58247.87264
Solomon Islands,SLB,1252.894154,1122.346153,1062.325446,1102.236838,1127.078323,1158.945578,1209.750685,1267.968363,1326.869635,1235.7178,1290.572374,1428.860999,1461.671265,1473.764794,1475.528063,1482.190598,1502.887051,1521.294307,1477.005999
Sierra Leone,SLE,303.6068833,273.8509094,330.9657797,344.9272878,351.4532072,353.0916884,356.0312804,374.0577672,384.6614598,387.8109952,399.1543676,414.5428763,466.5811728,550.5455624,562.8596746,437.1687798,453.6639216,462.6952284,474.1134401
El Salvador,SLV,2686.425343,2692.403107,2719.155401,2747.191138,2758.157242,2819.589678,2928.674638,2969.926378,3019.78719,2943.876855,2992.545274,3092.601934,3164.968873,3224.835391,3272.74025,3333.946216,3402.60087,3463.543581,3511.364377
San Marino,SMR,70449.03496,73438.65024,72748.72642,74582.24862,76998.21176,77823.1926,79802.98378,84457.85947,84793.64831,73024.11106,68758.36862,61488.76786,56116.95368,53759.8385,52698.49118,52527.32022,53290.03659,53770.35692,
Somalia,SOM,,,,,,,,,,,,,,,,,,,
Serbia,SRB,3405.779599,3581.974228,3840.397102,4018.506339,4392.277526,4649.576267,4896.824441,5206.253145,5509.058791,5358.843742,5411.877404,5531.218348,5501.696553,5670.71173,5593.061202,5663.392381,5852.384299,5993.4855,6880.533595
Sub-Saharan Africa (excluding high income),SSA,1200.308174,1218.758212,1262.539073,1281.485479,1329.376511,1374.712747,1420.615815,1474.09206,1511.419769,1515.082644,1556.509329,1583.345213,1610.448012,1645.037581,1675.781684,1678.633615,1653.980479,1651.023329,1655.784319
South Sudan,SSD,,,,,,,,,,,,,,,,,,,
Sub-Saharan Africa,SSF,1201.34951,1219.743168,1263.501556,1282.357384,1330.191414,1375.585139,1421.550863,1475.106501,1512.374302,1515.998014,1557.453562,1584.350477,1611.435778,1646.059644,1676.822657,1679.700986,1655.073951,1652.15101,1656.926845
Small states,SST,7562.19007,7726.537396,7936.97722,8167.357189,8692.5335,9006.28039,9723.600125,10326.52955,10734.21239,10595.73466,11119.49132,11616.01418,11767.40238,11859.96393,11946.54053,12030.2311,12031.01701,12046.85179,12245.61236
Sao Tome and Principe,STP,,862.9033677,863.4940542,898.6528027,911.0056019,952.6797736,1015.395392,1024.17906,1082.714882,1083.664271,1129.754961,1152.89978,1162.537397,1191.436775,1241.459368,1260.627507,1284.688391,1305.621914,1297.358572
Suriname,SUR,5709.096334,5882.259509,5980.56491,6288.498775,6749.791493,6978.380537,7304.640802,7595.796593,7827.385705,7978.828001,8303.31332,8698.484774,8841.229685,9008.945439,8943.148763,8555.644438,8005.180867,8067.501916,8048.614313
Slovak Republic,SVK,10296.71418,10657.68847,11143.76389,11755.3478,12376.06203,13210.26925,14326.25988,15868.80441,16747.81473,15818.56395,16600.61359,17046.60794,17299.62933,17538.64883,18003.54034,18737.35002,19298.07348,19882.48449,20669.90426
Slovenia,SVN,18570.69607,19088.32622,19796.06709,20346.41582,21218.25215,22029.43035,23201.25791,24673.44469,25447.4259,23252.097,23437.47202,23540.71462,22864.20508,22574.7091,23224.40106,23731.16728,24460.3979,25666.88574,26758.90229
Sweden,SWE,44693.7366,45270.78107,46059.36679,46983.07726,48820.60609,49996.17522,52046.48151,53421.02024,52711.19827,49554.34343,52132.91853,53126.97133,52577.98589,52779.95467,53618.57551,55418.98428,56195.88138,56610.68499,57232.08549
Eswatini,SWZ,2953.232303,2952.508373,3059.013874,3158.826098,3250.399217,3411.67334,3568.857276,3668.480734,3633.315589,3622.112,3690.239228,3704.140658,3807.732772,3977.976427,3980.774448,3923.88968,3977.697578,3980.609618,4820.024141
Sint Maarten (Dutch part),SXM,,,,,,,,,,,,,,,,,,,
Seychelles,SYC,9790.270772,9559.551957,9384.152481,8932.195054,8709.782689,9450.279434,10126.29048,11124.65711,10645.0867,10486.18989,10804.68447,11967.36235,11999.95385,12489.31485,12850.49315,13187.612,13598.33627,14142.80771,14385.30181
Syrian Arab Republic,SYR,,,,,,,,,,,,,,,,,,,
Turks and Caicos Islands,TCA,,,,,,,,,,,,,,,,,,,
Chad,TCD,462.5285998,497.3468034,519.2766504,573.3343744,737.9875274,835.1955417,812.0086003,811.0162819,808.8890039,815.9680472,896.5697341,867.9990632,914.1186511,934.702546,967.1027773,962.6559226,874.7670721,823.4348917,813.3424788
East Asia & Pacific (IDA & IBRD countries),TEA,1841.606471,1946.835968,2081.236074,2243.783194,2424.482696,2638.839441,2900.723729,3229.583714,3476.568481,3717.35787,4051.867383,4363.319,4657.051882,4955.856469,5252.492999,5553.508164,5862.180698,6202.731753,6538.396476
Europe & Central Asia (IDA & IBRD countries),TEC,5272.254447,5406.361208,5680.602643,6039.914789,6503.920541,6927.348039,7460.431412,8011.20373,8336.292997,7893.41208,8238.80164,8708.883561,8953.24433,9226.274883,9391.723667,9434.181242,9547.204554,9894.776756,10160.53999
Togo,TGO,525.8273289,502.9642041,485.069421,495.8884092,493.2945774,486.060925,492.3709054,490.2461321,496.5488869,510.0840338,526.8410724,545.751164,566.1872924,585.1441412,603.843798,622.3463263,637.7842983,649.5100156,672.4947925
Thailand,THA,3458.053931,3544.208344,3731.027107,3969.415566,4190.032276,4337.263357,4525.159282,4744.333227,4800.810537,4743.690472,5075.302176,5093.5805,5437.227931,5558.841094,5591.10558,5739.762652,5910.454567,6126.244256,6361.62499
Tajikistan,TJK,415.4736252,447.2980365,486.5053612,529.0724104,572.1118905,597.5437545,626.2861157,660.5605718,697.4709707,708.8077039,738.3475227,775.3039176,814.6751556,855.4092586,892.587436,925.6394475,968.1593044,1020.140362,1073.021835
Turkmenistan,TKM,2381.17573,2458.50768,2440.277346,2495.288357,2593.515254,2899.960191,3181.073794,3489.330062,3949.048234,4129.543531,4439.203,5006.296232,5462.980549,5909.771043,6399.270662,6693.93561,6986.855944,7317.549506,7647.935804
Latin America & the Caribbean (IDA & IBRD countries),TLA,7383.62943,7332.209667,7250.628065,7267.250798,7624.280388,7851.89835,8166.104753,8518.156068,8751.814198,8478.177815,8880.204872,9170.158618,9320.171616,9472.645484,9464.133175,9364.490748,9231.047361,9298.21439,9477.436574
Timor-Leste,TLS,1345.211105,1434.899581,1291.019349,1226.579666,1940.053811,2559.72681,3550.090049,3676.53842,3995.046815,3705.328804,3603.940551,3952.325206,4057.967188,3527.339325,2547.346591,3009.31286,2967.99113,2672.265298,2759.526494
Middle East & North Africa (IDA & IBRD countries),TMN,3221.901321,3238.328709,3291.962261,3324.059788,3528.696553,3623.84033,3758.185308,3916.848013,3981.886812,4008.796611,4143.288742,4026.683879,4063.434287,4056.33106,4068.787608,4037.159106,4265.802783,4323.668036,
Tonga,TON,3275.812111,3375.593856,3470.833238,3522.531941,3488.58299,3521.507097,3470.646555,3304.360697,3385.348107,3442.872153,3548.068399,3631.543271,3650.819251,3524.232073,3581.836612,3694.462409,3792.290149,3862.304419,4054.940955
South Asia (IDA & IBRD),TSA,802.1665266,821.7898651,837.285637,882.6969567,933.4493227,989.082434,1048.852767,1108.534036,1127.419046,1190.334146,1263.828366,1310.281507,1363.557235,1427.241811,1507.045267,1599.02146,1700.623822,1796.159418,1890.34994
Sub-Saharan Africa (IDA & IBRD countries),TSS,1201.34951,1219.743168,1263.501556,1282.357384,1330.191414,1375.585139,1421.550863,1475.106501,1512.374302,1515.998014,1557.453562,1584.350477,1611.435778,1646.059644,1676.822657,1679.700986,1655.073951,1652.15101,1656.926845
Trinidad and Tobago,TTO,9779.189565,10151.64251,10910.55556,12425.75931,13346.1737,14104.89885,15891.78871,16569.54925,17051.72446,16226.0041,16683.42242,16550.96724,16680.15718,16760.56059,16641.21563,16824.14486,15765.46976,15350.36904,15288.93154
Tunisia,TUN,3004.610765,3091.102768,3107.020644,3228.463834,3403.105234,3492.165944,3641.543396,3847.406974,3968.352556,4044.629689,4140.15177,4014.916793,4127.401091,4196.784208,4271.326849,4270.874048,4269.139768,4303.963611,4402.0237
Turkey,TUR,8237.611671,7631.651692,8003.733284,8332.029062,9009.881454,9692.128808,10251.38141,10638.06608,10599.63045,9973.664813,10672.40036,11683.60511,12052.71835,12866.09434,13312.45182,13898.74696,14117.43326,14936.40176,15026.70752
Tuvalu,TUV,3079.530118,3099.581038,3301.329794,3148.148955,3065.716858,2910.713797,2940.711448,3095.098587,3310.835164,3133.46343,3021.889528,3219.357228,3067.877977,3180.408846,3196.979127,3459.778551,3533.942261,3617.528946,3636.055006
Tanzania,TZA,511.7070299,528.29442,550.3104439,570.5755566,595.767,621.4851932,642.1659577,664.5892716,680.5605644,694.0952812,715.149284,746.224262,755.8221812,782.3582168,809.523152,833.1998538,863.348456,894.0244881,957.1259352
Uganda,UGA,412.1964266,419.3358307,440.6522238,453.1978433,467.4800177,480.0954072,513.7528175,538.0394288,565.0679211,583.0970868,595.2061732,629.240517,631.5551889,632.4862087,642.8773857,654.1365785,663.2219604,666.7451333,709.6658061
Ukraine,UKR,1817.997101,2005.382992,2131.729166,2353.60428,2658.689709,2758.520484,2983.857295,3229.652917,3322.003836,2844.32328,2965.142365,3138.46507,3153.739245,3160.083736,3123.915572,2828.88539,2909.646215,2996.232635,3110.194646
Upper middle income,UMC,3789.737896,3884.763703,4035.656426,4209.383887,4508.509054,4790.25133,5145.151248,5561.423213,5847.337642,5904.073897,6297.686024,6646.340305,6941.049648,7233.159477,7478.621142,7671.137569,7912.295826,8227.823298,8537.981517
Uruguay,URY,8997.660123,8636.545266,7967.162565,8036.479224,8442.549555,9068.239209,9424.516991,10014.87202,10698.05201,11112.45603,11938.212,12512.91348,12913.10408,13467.43784,13856.69518,13859.40739,14042.63899,14362.56121,14617.464
USA,USA,45055.81792,45047.4872,45428.64568,46304.03609,47614.27986,48755.61606,49575.40101,49979.53384,49364.64455,47575.60856,48466.82102,48862.42257,49596.41951,50161.07339,51015.133,52099.26723,52534.36274,53356.23365,54541.72316
Uzbekistan,UZB,813.2037695,836.6986545,859.5821277,885.3221269,942.5540546,996.8680521,1056.666813,1145.083807,1228.264565,1305.538213,1377.08214,1451.883505,1547.98156,1645.910721,1744.491243,1851.472779,1961.482175,2031.047754,2026.540839
St. Vincent and the Grenadines,VCT,4748.039862,4825.171601,5122.706782,5506.245594,5724.059482,5856.494059,6297.323196,6499.459949,6595.305264,6451.664955,6231.770232,6204.161584,6290.677105,6406.464663,6482.024232,6563.108084,6681.283614,6723.164115,6875.486286
"Venezuela, RB",VEN,11799.88332,11975.38175,10717.1845,9710.3066,11285.87053,12237.93501,13221.4769,14143.71811,14652.24075,13961.94516,13545.26345,13902.51142,14473.53142,14462.4197,13709.04305,,,,
British Virgin Islands,VGB,,,,,,,,,,,,,,,,,,,
Virgin Islands (U.S.),VIR,,,36687.05451,36565.82939,37654.27428,39026.65456,40472.66295,42118.35626,42491.45402,39667.1916,40043.19017,36798.69903,31301.00173,29516.00163,29275.27388,29398.5564,29729.22179,,
Vietnam,VNM,761.6101712,800.2599286,842.3655168,891.8711814,950.1299117,1012.370707,1073.0128,1138.873683,1191.998753,1244.037152,1310.370273,1377.133984,1433.129144,1493.56251,1565.020497,1651.234675,1735.290954,1834.651595,1964.475991
Vanuatu,VUT,2839.932473,2679.655543,2481.522931,2522.922814,2556.899434,2625.269068,2777.665956,2850.723048,2962.008224,2987.93517,2965.802434,2932.872081,2916.639353,2907.610231,2909.775418,2823.707829,2873.692937,2939.520707,2863.228634
World,WLD,8189.458707,8240.082818,8315.35706,8450.024049,8709.942592,8931.270541,9198.564285,9465.934097,9518.151757,9238.74239,9525.491732,9710.556834,9836.879554,9977.636079,10139.5673,10307.43268,10451.20208,10657.78202,10882.30874
Samoa,WSM,2766.531042,2942.411939,3052.564998,3171.008606,3296.902352,3412.028304,3456.822436,3651.350951,3663.276816,3462.609224,3453.434298,3624.572902,3609.737119,3510.924883,3531.582702,3555.664775,3783.908782,3860.240703,3894.337974
Kosovo,XKX,1920.0123,2436.261049,2417.541306,2560.375103,2625.473657,2781.98463,2884.000702,3069.376965,3125.352083,3203.954022,3283.510304,3412.092869,3483.267653,3565.457119,3612.729101,3802.393915,3925.270222,4058.822626,4193.631327
"Yemen, Rep.",YEM,1138.247142,1148.427616,1160.243239,1170.143594,1182.89825,1214.704666,1219.007461,1225.472386,1235.811589,1249.033678,1309.23196,1112.351932,1108.895193,1132.098806,1101.117444,894.6343936,754.0579434,692.5237511,667.9454369
South Africa (Rep Of),ZAF,5838.864521,5911.618516,6046.787941,6143.778353,6343.894043,6600.252273,6893.306604,7186.738115,7338.845792,7146.764257,7276.376756,7417.72807,7476.803175,7552.997235,7583.589509,7576.211369,7520.533231,7525.293185,7432.868382
Zambia,ZMB,938.3511567,961.4999316,978.0534306,1018.361971,1061.197731,1107.728175,1163.302727,1226.540548,1285.864528,1365.402344,1463.213573,1499.728311,1565.900334,1595.915037,1620.82329,1618.457665,1629.590305,1635.490591,1672.345428
Zimbabwe,ZWE,1408.641366,1412.291,1272.851807,1045.376248,973.5983831,906.4657531,862.8042245,818.4588659,662.4865443,728.5662736,854.8476653,955.8054317,1090.521582,1086.826568,1086.873532,1080.572518,1063.60128,1088.063398,1322.344063
